order_id,order_date,customer_id,product_id,quantity,unit_price,discount,store_id,payment_type
1,2024-06-21,149,6,4,192,0.1,1,Online
2,2024-05-26,20,9,4,248,0.1,2,Online
3,2024-05-22,1,5,1,324,0.0,2,Cash
4,2024-01-12,224,8,3,163,0.05,2,Card
5,2024-06-12,90,8,4,141,0.1,2,Cash
6,2024-02-10,228,6,4,239,0.0,3,Card
7,2024-06-05,46,3,1,436,0.0,1,Cash
8,2024-02-16,10,8,2,390,0.1,2,Cash
9,2024-04-28,289,6,3,384,0.0,1,Cash
10,2024-01-11,282,9,4,258,0.0,2,Online
11,2024-06-09,98,9,3,196,0.0,3,Online
12,2024-02-24,6,1,1,424,0.1,1,Online
13,2024-01-23,53,5,1,377,0.05,2,Cash
14,2024-03-18,1,3,3,164,0.0,1,Card
15,2024-04-22,288,2,4,465,0.0,3,Online
16,2024-04-27,259,2,2,269,0.0,1,Cash
17,2024-02-26,112,7,4,408,0.0,3,Card
18,2024-03-15,103,6,1,417,0.0,2,Cash
19,2024-01-30,249,6,2,117,0.0,1,Online
20,2024-04-15,51,1,4,49,0.05,1,Card
21,2024-05-24,273,4,4,157,0.1,1,Cash
22,2024-05-05,235,3,2,72,0.0,3,Card
23,2024-04-04,8,4,3,202,0.1,1,Online
24,2024-04-02,160,2,4,214,0.05,1,Cash
25,2024-01-05,92,6,3,422,0.0,1,Cash
26,2024-01-12,46,2,1,152,0.0,1,Cash
27,2024-03-13,282,9,2,320,0.05,3,Card
28,2024-04-03,107,1,2,258,0.1,2,Card
29,2024-06-28,207,8,4,132,0.05,2,Cash
30,2024-03-18,216,2,2,47,0.05,1,Cash
31,2024-04-24,7,3,2,206,0.1,3,Online
32,2024-01-18,294,3,2,382,0.05,3,Online
33,2024-01-28,202,7,4,492,0.05,1,Card
34,2024-05-05,300,9,3,105,0.0,1,Card
35,2024-05-17,67,9,4,44,0.1,1,Cash
36,2024-02-03,111,8,3,247,0.05,1,Online
37,2024-01-06,180,2,2,444,0.0,3,Online
38,2024-04-30,289,5,1,473,0.0,2,Card
39,2024-04-21,4,8,2,89,0.05,3,Card
40,2024-01-31,40,5,3,406,0.05,3,Cash
41,2024-03-15,4,6,2,487,0.1,2,Card
42,2024-03-19,203,8,2,454,0.0,2,Online
43,2024-03-10,118,4,1,319,0.0,3,Card
44,2024-02-16,1,6,4,132,0.1,1,Cash
45,2024-01-03,161,6,3,375,0.0,2,Cash
46,2024-06-20,13,8,1,426,0.0,2,Card
47,2024-01-17,265,8,3,120,0.0,2,Online
48,2024-02-18,69,2,3,113,0.05,2,Card
49,2024-06-10,76,3,4,478,0.0,3,Card
50,2024-02-29,267,9,4,339,0.0,1,Cash
51,2024-06-13,5,3,4,305,0.05,3,Cash
52,2024-03-29,237,9,2,81,0.1,2,Online
53,2024-06-27,125,6,4,33,0.1,1,Online
54,2024-06-01,145,1,3,162,0.0,3,Online
55,2024-04-13,104,3,2,481,0.0,3,Online
56,2024-05-14,179,8,2,153,0.05,2,Online
57,2024-06-03,157,6,3,176,0.0,1,Card
58,2024-02-02,254,4,1,430,0.05,2,Cash
59,2024-03-14,118,6,2,24,0.05,1,Online
60,2024-06-28,184,8,3,247,0.0,1,Card
61,2024-06-21,130,3,3,343,0.1,3,Cash
62,2024-05-27,11,8,3,302,0.0,2,Cash
63,2024-03-30,218,8,4,42,0.05,2,Cash
64,2024-02-29,171,4,1,130,0.1,1,Card
65,2024-04-01,287,9,4,146,0.0,2,Online
66,2024-02-10,214,7,1,481,0.1,1,Cash
67,2024-04-19,182,7,1,424,0.0,1,Card
68,2024-04-24,149,9,3,457,0.05,1,Card
69,2024-04-26,154,9,2,455,0.0,3,Online
70,2024-03-15,294,2,4,44,0.0,3,Cash
71,2024-01-17,128,3,3,437,0.05,2,Card
72,2024-03-28,161,1,3,199,0.0,1,Online
73,2024-06-04,49,7,3,169,0.0,1,Card
74,2024-03-26,63,8,1,167,0.0,1,Online
75,2024-06-27,211,1,1,243,0.0,1,Card
76,2024-01-19,18,1,2,163,0.1,2,Online
77,2024-04-22,114,6,3,213,0.0,3,Online
78,2024-06-05,55,7,4,404,0.1,3,Cash
79,2024-06-10,87,7,2,486,0.0,2,Online
80,2024-02-26,247,3,1,27,0.0,3,Online
81,2024-03-07,51,1,3,347,0.0,3,Cash
82,2024-03-18,288,8,3,115,0.1,2,Online
83,2024-06-13,182,5,4,471,0.1,2,Online
84,2024-01-07,263,1,3,451,0.0,3,Card
85,2024-05-26,36,2,3,131,0.0,2,Card
86,2024-01-11,234,2,3,216,0.1,3,Online
87,2024-01-05,293,6,3,415,0.1,2,Card
88,2024-04-08,280,1,2,72,0.1,2,Cash
89,2024-05-07,224,1,4,78,0.0,2,Online
90,2024-02-09,237,9,1,33,0.0,3,Card
91,2024-01-04,154,2,2,297,0.05,3,Card
92,2024-05-07,42,4,3,345,0.0,1,Cash
93,2024-06-01,76,7,2,36,0.0,1,Cash
94,2024-02-26,287,6,2,488,0.05,3,Cash
95,2024-02-22,173,1,4,256,0.0,2,Card
96,2024-02-15,64,2,4,209,0.0,2,Online
97,2024-02-05,282,5,1,326,0.0,3,Online
98,2024-02-08,232,3,4,183,0.0,2,Cash
99,2024-05-29,69,8,3,130,0.1,1,Cash
100,2024-03-21,201,2,4,258,0.1,1,Card
101,2024-05-08,217,8,1,315,0.0,2,Card
102,2024-04-17,172,3,3,310,0.05,2,Cash
103,2024-04-10,44,1,2,31,0.05,1,Card
104,2024-02-16,12,8,2,76,0.05,3,Online
105,2024-04-27,198,8,1,100,0.05,1,Cash
106,2024-02-28,26,7,1,287,0.05,1,Online
107,2024-05-14,270,5,2,488,0.0,3,Card
108,2024-02-28,215,2,3,195,0.1,3,Cash
109,2024-05-25,103,1,4,442,0.05,2,Online
110,2024-02-14,98,3,4,127,0.1,1,Online
111,2024-04-17,39,8,4,493,0.05,1,Card
112,2024-06-09,16,2,2,428,0.0,3,Online
113,2024-01-13,141,2,2,53,0.0,3,Online
114,2024-01-29,245,9,3,321,0.1,3,Card
115,2024-04-12,65,1,2,433,0.0,3,Card
116,2024-03-08,146,5,2,395,0.0,1,Card
117,2024-05-22,140,5,1,482,0.0,1,Card
118,2024-02-08,11,2,3,399,0.0,1,Online
119,2024-03-12,148,6,4,279,0.05,1,Online
120,2024-04-16,226,9,1,385,0.0,2,Card
121,2024-01-06,5,5,1,278,0.1,2,Online
122,2024-04-08,20,1,3,196,0.0,1,Online
123,2024-03-22,62,1,2,438,0.0,3,Online
124,2024-05-04,89,9,2,288,0.1,2,Card
125,2024-03-07,123,9,2,286,0.0,3,Card
126,2024-01-09,40,9,2,351,0.0,1,Online
127,2024-05-03,38,8,3,245,0.1,3,Card
128,2024-02-06,176,5,4,109,0.0,1,Card
129,2024-03-02,115,3,2,59,0.0,2,Online
130,2024-01-06,216,3,1,256,0.0,1,Online
131,2024-01-13,45,9,3,323,0.0,1,Cash
132,2024-06-14,188,7,4,210,0.05,1,Online
133,2024-01-31,23,5,1,333,0.0,2,Online
134,2024-01-02,206,7,3,101,0.1,2,Card
135,2024-01-17,223,2,2,174,0.0,1,Online
136,2024-06-06,74,9,4,345,0.05,2,Online
137,2024-02-06,278,4,4,79,0.05,2,Online
138,2024-05-29,193,6,4,36,0.1,2,Online
139,2024-06-23,285,4,2,325,0.0,3,Online
140,2024-01-07,29,1,4,400,0.1,2,Online
141,2024-02-27,26,2,3,435,0.05,2,Cash
142,2024-04-08,39,7,1,23,0.0,1,Card
143,2024-05-09,175,4,3,391,0.1,2,Online
144,2024-05-05,236,8,3,214,0.0,1,Card
145,2024-03-24,262,3,3,483,0.0,1,Card
146,2024-05-03,15,2,3,276,0.0,1,Online
147,2024-01-12,274,8,4,300,0.1,2,Card
148,2024-01-08,79,2,1,112,0.0,3,Online
149,2024-01-24,46,9,1,467,0.1,2,Cash
150,2024-03-24,228,9,3,292,0.0,2,Card
151,2024-04-26,72,1,4,338,0.0,1,Cash
152,2024-04-19,95,6,2,339,0.0,3,Card
153,2024-04-11,267,6,1,308,0.1,3,Card
154,2024-02-15,160,6,1,95,0.0,2,Card
155,2024-04-06,2,1,2,443,0.1,1,Card
156,2024-03-17,116,6,1,433,0.0,3,Cash
157,2024-06-22,122,2,2,378,0.0,3,Cash
158,2024-02-18,123,6,2,394,0.1,1,Cash
159,2024-06-08,41,2,1,378,0.05,2,Cash
160,2024-05-06,7,4,4,337,0.05,2,Cash
161,2024-01-03,127,9,2,429,0.05,2,Cash
162,2024-01-12,87,9,3,485,0.0,1,Online
163,2024-04-09,173,8,2,166,0.05,1,Online
164,2024-02-20,300,2,1,202,0.1,2,Cash
165,2024-04-05,59,3,3,169,0.0,2,Online
166,2024-04-06,213,8,3,464,0.0,1,Cash
167,2024-02-19,177,3,4,463,0.1,1,Cash
168,2024-03-06,262,7,1,373,0.1,2,Online
169,2024-05-04,268,3,3,205,0.0,1,Cash
170,2024-04-08,282,8,4,40,0.05,2,Online
171,2024-03-18,2,7,2,447,0.0,1,Card
172,2024-02-29,111,8,2,60,0.0,3,Card
173,2024-03-10,145,9,4,149,0.05,1,Cash
174,2024-06-16,164,7,3,248,0.0,3,Online
175,2024-04-27,270,9,3,29,0.05,1,Card
176,2024-01-01,64,6,4,283,0.05,1,Online
177,2024-06-13,120,8,1,194,0.0,3,Online
178,2024-05-27,130,9,2,127,0.05,3,Card
179,2024-01-01,119,3,4,301,0.0,2,Card
180,2024-06-09,179,4,1,78,0.0,1,Cash
181,2024-05-05,217,2,4,270,0.05,1,Card
182,2024-06-19,178,7,3,242,0.1,2,Online
183,2024-02-21,234,7,4,145,0.0,2,Card
184,2024-04-05,5,6,1,283,0.0,3,Cash
185,2024-06-19,114,2,1,330,0.05,1,Cash
186,2024-04-22,76,8,4,322,0.1,1,Cash
187,2024-05-26,287,5,4,308,0.0,1,Card
188,2024-03-03,73,1,2,465,0.1,1,Card
189,2024-03-17,159,9,4,288,0.0,3,Cash
190,2024-05-11,102,3,1,121,0.0,2,Cash
191,2024-01-23,129,8,2,416,0.0,2,Cash
192,2024-05-22,65,7,3,108,0.0,3,Card
193,2024-06-09,224,1,3,335,0.0,3,Cash
194,2024-04-19,265,3,2,286,0.05,1,Cash
195,2024-06-04,117,9,4,323,0.0,1,Cash
196,2024-02-13,228,7,4,312,0.05,2,Cash
197,2024-06-19,21,7,2,383,0.05,3,Online
198,2024-05-03,281,4,4,322,0.0,3,Online
199,2024-05-20,275,2,3,343,0.0,2,Card
200,2024-01-27,157,3,4,392,0.1,2,Cash
201,2024-03-17,132,9,2,21,0.0,2,Online
202,2024-03-14,39,7,3,370,0.1,3,Card
203,2024-02-05,84,4,2,464,0.0,2,Online
204,2024-04-29,173,7,2,404,0.1,2,Cash
205,2024-05-16,26,9,1,233,0.1,3,Cash
206,2024-05-04,170,8,4,397,0.0,1,Cash
207,2024-02-19,152,3,3,312,0.1,3,Cash
208,2024-06-12,242,5,1,165,0.05,3,Card
209,2024-06-09,119,5,3,127,0.0,1,Cash
210,2024-06-11,160,9,4,312,0.05,2,Card
211,2024-06-01,258,3,1,460,0.0,3,Card
212,2024-04-27,125,7,2,342,0.0,1,Card
213,2024-02-15,19,4,3,299,0.1,2,Cash
214,2024-04-18,36,8,2,307,0.05,1,Card
215,2024-05-15,70,9,4,406,0.0,3,Card
216,2024-01-05,27,5,1,335,0.0,2,Cash
217,2024-02-27,259,6,3,319,0.0,2,Cash
218,2024-04-11,209,3,3,191,0.0,2,Online
219,2024-05-29,300,4,2,135,0.1,1,Card
220,2024-02-24,208,9,1,306,0.05,3,Card
221,2024-01-03,144,7,4,415,0.1,3,Cash
222,2024-04-17,121,5,1,487,0.1,2,Cash
223,2024-02-01,161,5,2,475,0.05,2,Cash
224,2024-05-30,114,2,1,161,0.1,1,Card
225,2024-03-15,180,7,2,494,0.0,2,Cash
226,2024-05-29,143,6,3,281,0.05,1,Cash
227,2024-02-11,166,2,4,258,0.0,1,Online
228,2024-06-06,134,3,2,235,0.0,3,Cash
229,2024-06-11,66,2,1,418,0.0,3,Cash
230,2024-01-10,25,2,2,295,0.0,1,Card
231,2024-04-04,270,1,2,308,0.1,2,Cash
232,2024-05-10,25,5,2,400,0.1,2,Card
233,2024-03-19,68,4,2,471,0.0,2,Card
234,2024-06-08,43,2,4,466,0.0,3,Online
235,2024-06-10,266,9,3,24,0.05,2,Cash
236,2024-06-07,56,9,3,197,0.0,3,Online
237,2024-03-13,156,3,1,118,0.0,3,Card
238,2024-02-09,273,5,4,279,0.05,3,Card
239,2024-06-14,231,2,4,439,0.1,3,Card
240,2024-01-07,155,6,4,210,0.0,2,Online
241,2024-05-09,62,5,1,105,0.0,2,Cash
242,2024-02-27,65,5,3,168,0.0,2,Cash
243,2024-03-22,173,4,1,232,0.0,1,Online
244,2024-05-28,256,7,1,207,0.05,1,Cash
245,2024-02-21,112,2,2,215,0.0,3,Card
246,2024-06-14,42,5,1,455,0.0,2,Card
247,2024-01-17,120,9,1,124,0.1,1,Card
248,2024-01-29,97,2,2,79,0.1,2,Card
249,2024-02-03,264,6,4,222,0.05,1,Online
250,2024-03-28,173,3,1,463,0.05,1,Card
251,2024-03-17,200,9,3,120,0.1,3,Online
252,2024-05-31,152,1,1,128,0.05,1,Card
253,2024-04-19,228,4,4,333,0.05,3,Online
254,2024-01-05,261,6,3,47,0.05,2,Cash
255,2024-03-21,223,8,3,499,0.1,1,Card
256,2024-02-18,292,4,2,482,0.0,2,Card
257,2024-04-28,190,2,1,236,0.0,2,Card
258,2024-01-02,269,5,4,159,0.05,3,Cash
259,2024-01-17,183,9,3,29,0.05,1,Online
260,2024-04-23,278,4,2,143,0.0,2,Card
261,2024-06-22,113,8,4,307,0.05,1,Online
262,2024-04-28,39,1,2,51,0.0,1,Online
263,2024-05-28,126,8,2,168,0.0,2,Cash
264,2024-03-26,150,9,3,170,0.1,2,Card
265,2024-01-29,213,4,1,485,0.0,3,Cash
266,2024-05-30,88,6,3,482,0.05,3,Card
267,2024-01-03,191,6,1,372,0.1,3,Online
268,2024-04-17,281,5,1,49,0.05,3,Cash
269,2024-05-08,261,3,2,163,0.1,1,Online
270,2024-04-07,10,5,4,339,0.0,2,Online
271,2024-06-17,112,9,3,430,0.0,2,Cash
272,2024-01-12,209,9,2,333,0.0,2,Card
273,2024-05-23,243,7,1,39,0.05,2,Online
274,2024-04-20,132,4,1,205,0.1,2,Cash
275,2024-02-23,202,6,3,173,0.0,2,Card
276,2024-04-28,71,4,1,39,0.0,1,Cash
277,2024-03-20,186,7,3,235,0.0,2,Cash
278,2024-06-07,188,3,2,101,0.05,1,Online
279,2024-05-31,109,6,2,230,0.0,1,Online
280,2024-06-24,173,4,4,211,0.05,2,Online
281,2024-05-25,116,1,1,202,0.0,3,Online
282,2024-04-27,161,1,3,478,0.0,2,Online
283,2024-02-16,78,7,3,418,0.0,1,Cash
284,2024-03-01,138,2,4,344,0.0,3,Card
285,2024-04-27,198,1,3,132,0.0,3,Card
286,2024-06-18,35,3,3,264,0.05,1,Card
287,2024-02-18,74,5,4,440,0.1,2,Cash
288,2024-02-08,129,8,4,145,0.05,1,Cash
289,2024-02-29,188,9,1,201,0.0,3,Card
290,2024-05-31,106,6,4,232,0.0,3,Online
291,2024-04-29,182,9,3,239,0.0,1,Cash
292,2024-04-16,84,2,4,348,0.0,2,Online
293,2024-06-26,7,6,1,40,0.1,3,Online
294,2024-05-27,143,7,2,179,0.1,1,Cash
295,2024-05-21,165,5,2,395,0.1,2,Card
296,2024-06-13,161,2,3,106,0.0,1,Online
297,2024-02-02,81,8,2,346,0.0,1,Card
298,2024-02-12,169,7,2,47,0.0,2,Card
299,2024-04-07,65,5,1,117,0.0,1,Cash
300,2024-03-06,98,3,2,131,0.0,1,Online
301,2024-06-16,294,3,2,95,0.1,3,Online
302,2024-05-14,277,4,1,467,0.1,2,Online
303,2024-05-22,232,5,4,385,0.1,3,Cash
304,2024-06-03,168,1,4,111,0.0,3,Cash
305,2024-05-10,44,1,1,267,0.0,2,Online
306,2024-01-23,89,2,2,186,0.1,3,Online
307,2024-01-12,74,8,1,326,0.05,1,Card
308,2024-05-16,47,8,1,91,0.05,2,Cash
309,2024-01-12,263,3,4,487,0.0,1,Online
310,2024-02-09,220,1,3,133,0.05,3,Card
311,2024-04-16,101,4,4,399,0.1,2,Cash
312,2024-02-01,137,7,2,265,0.05,1,Online
313,2024-01-21,158,2,1,394,0.0,2,Cash
314,2024-05-07,283,5,3,78,0.05,1,Online
315,2024-05-27,154,5,1,215,0.0,3,Card
316,2024-04-25,134,3,4,496,0.0,1,Online
317,2024-04-17,213,8,2,450,0.1,2,Cash
318,2024-01-30,277,8,3,95,0.1,2,Cash
319,2024-06-28,34,9,1,488,0.05,3,Online
320,2024-01-23,176,6,2,333,0.05,1,Card
321,2024-01-15,289,4,4,158,0.0,1,Cash
322,2024-06-04,47,7,2,443,0.1,2,Card
323,2024-03-27,128,3,4,143,0.0,2,Card
324,2024-01-21,227,9,3,313,0.05,1,Card
325,2024-05-24,39,9,2,161,0.1,3,Card
326,2024-05-13,251,7,3,229,0.05,3,Online
327,2024-02-07,142,4,2,395,0.0,1,Cash
328,2024-03-18,84,1,3,166,0.0,1,Cash
329,2024-05-29,83,3,2,121,0.05,3,Cash
330,2024-06-21,206,9,3,220,0.1,3,Online
331,2024-05-21,120,6,1,294,0.05,1,Card
332,2024-01-30,265,1,4,443,0.0,1,Cash
333,2024-03-18,222,9,3,328,0.05,3,Cash
334,2024-03-26,120,7,1,144,0.0,1,Cash
335,2024-01-12,35,2,1,451,0.0,1,Online
336,2024-01-20,172,1,1,344,0.1,1,Card
337,2024-03-08,35,1,1,464,0.0,2,Card
338,2024-06-23,76,9,4,320,0.05,3,Cash
339,2024-01-21,38,4,4,112,0.0,1,Card
340,2024-04-01,28,4,3,151,0.05,2,Card
341,2024-06-10,257,8,3,361,0.1,3,Cash
342,2024-05-24,61,6,2,233,0.0,2,Online
343,2024-04-15,93,1,4,486,0.1,3,Cash
344,2024-03-24,177,6,3,451,0.0,1,Cash
345,2024-02-12,90,7,1,209,0.1,1,Card
346,2024-04-15,233,9,1,211,0.0,1,Card
347,2024-01-21,59,7,1,36,0.1,3,Card
348,2024-01-11,147,1,3,416,0.1,3,Card
349,2024-06-09,90,7,1,128,0.1,2,Card
350,2024-06-22,158,7,4,172,0.05,1,Online
351,2024-03-08,161,4,4,357,0.0,2,Card
352,2024-06-16,84,1,3,258,0.1,1,Cash
353,2024-06-15,258,9,3,162,0.0,2,Cash
354,2024-01-10,210,3,3,350,0.0,2,Card
355,2024-01-03,84,6,1,58,0.1,3,Card
356,2024-05-10,296,2,2,112,0.0,1,Card
357,2024-03-05,213,1,2,287,0.05,3,Online
358,2024-02-07,284,5,1,298,0.1,2,Online
359,2024-06-21,73,5,2,439,0.05,2,Cash
360,2024-04-07,288,3,2,207,0.1,3,Online
361,2024-04-13,75,9,1,82,0.05,2,Card
362,2024-06-04,7,4,4,186,0.0,1,Card
363,2024-01-19,157,2,1,66,0.1,3,Online
364,2024-05-05,294,5,3,498,0.05,2,Cash
365,2024-04-22,67,4,1,50,0.1,2,Online
366,2024-02-20,262,5,2,382,0.1,2,Cash
367,2024-02-06,170,5,1,141,0.0,3,Online
368,2024-04-22,285,4,2,215,0.0,1,Card
369,2024-03-09,165,9,4,297,0.1,1,Card
370,2024-02-22,42,2,2,384,0.0,1,Online
371,2024-05-06,21,7,2,360,0.0,3,Card
372,2024-05-04,111,2,4,466,0.1,3,Online
373,2024-03-22,104,6,1,292,0.05,1,Cash
374,2024-03-25,8,5,3,184,0.05,1,Card
375,2024-03-04,91,5,4,393,0.05,2,Online
376,2024-05-19,246,5,2,192,0.05,2,Online
377,2024-01-20,46,6,3,495,0.0,1,Online
378,2024-04-17,236,4,3,173,0.1,2,Online
379,2024-04-11,75,1,3,269,0.1,2,Online
380,2024-06-27,219,2,3,430,0.05,3,Online
381,2024-05-14,163,9,3,258,0.1,1,Card
382,2024-04-05,147,6,1,388,0.0,3,Online
383,2024-01-31,208,2,1,32,0.05,2,Card
384,2024-02-23,298,5,2,190,0.05,2,Card
385,2024-01-30,57,3,4,54,0.1,3,Cash
386,2024-03-11,30,7,4,301,0.0,3,Card
387,2024-01-01,37,8,4,44,0.0,1,Card
388,2024-02-04,194,8,3,276,0.1,3,Card
389,2024-05-07,260,6,2,449,0.0,3,Online
390,2024-06-21,290,3,4,278,0.0,3,Cash
391,2024-05-24,162,6,4,85,0.1,2,Cash
392,2024-04-20,290,7,2,32,0.1,3,Online
393,2024-02-24,27,6,2,139,0.0,1,Online
394,2024-05-24,233,5,1,314,0.0,1,Card
395,2024-02-26,281,6,3,72,0.05,3,Card
396,2024-03-14,10,4,3,42,0.1,2,Cash
397,2024-04-19,53,8,2,197,0.1,3,Cash
398,2024-02-28,264,2,2,210,0.1,3,Online
399,2024-04-07,127,9,2,309,0.0,1,Online
400,2024-04-02,154,2,1,498,0.0,2,Cash
401,2024-02-19,264,9,1,362,0.1,2,Card
402,2024-06-05,156,9,4,396,0.1,1,Online
403,2024-06-10,100,2,3,156,0.05,3,Online
404,2024-04-21,56,3,1,102,0.0,1,Card
405,2024-06-05,217,8,2,490,0.0,3,Cash
406,2024-05-28,235,5,3,42,0.0,1,Online
407,2024-01-25,94,9,1,471,0.05,1,Online
408,2024-02-11,101,6,3,159,0.0,3,Card
409,2024-05-25,256,3,3,322,0.1,1,Online
410,2024-05-20,100,2,1,32,0.0,1,Card
411,2024-04-09,109,7,2,478,0.0,1,Card
412,2024-01-08,263,4,2,412,0.1,2,Online
413,2024-06-20,149,8,4,345,0.1,2,Cash
414,2024-01-13,49,6,1,375,0.0,2,Cash
415,2024-02-22,74,5,1,63,0.05,2,Cash
416,2024-05-21,138,3,2,356,0.1,1,Online
417,2024-01-12,182,4,3,121,0.0,1,Online
418,2024-03-30,230,1,1,247,0.0,3,Online
419,2024-01-27,181,9,1,123,0.1,2,Card
420,2024-06-01,33,7,2,410,0.1,2,Online
421,2024-01-12,16,5,4,332,0.0,1,Online
422,2024-06-08,264,1,4,130,0.05,3,Card
423,2024-02-28,132,8,4,475,0.0,3,Card
424,2024-06-04,205,7,1,176,0.0,2,Cash
425,2024-05-12,96,4,4,412,0.05,2,Online
426,2024-01-22,233,1,3,307,0.1,3,Cash
427,2024-01-26,25,3,4,218,0.0,3,Card
428,2024-03-08,49,4,1,475,0.1,2,Cash
429,2024-06-07,174,2,4,76,0.05,2,Card
430,2024-02-21,248,6,2,24,0.1,1,Cash
431,2024-01-15,224,5,2,430,0.0,2,Card
432,2024-03-26,210,3,2,313,0.0,2,Cash
433,2024-04-17,161,1,1,27,0.1,3,Card
434,2024-06-04,70,9,2,30,0.05,3,Online
435,2024-03-16,139,5,2,465,0.0,1,Cash
436,2024-04-11,154,6,3,490,0.05,3,Card
437,2024-01-17,107,5,3,144,0.0,2,Cash
438,2024-04-15,8,4,3,27,0.0,3,Cash
439,2024-03-21,187,4,1,446,0.05,2,Cash
440,2024-05-16,74,4,1,105,0.1,1,Cash
441,2024-06-18,252,8,3,190,0.0,2,Online
442,2024-01-22,101,9,4,451,0.05,1,Online
443,2024-01-10,228,9,4,160,0.0,2,Online
444,2024-05-08,160,9,3,53,0.05,1,Online
445,2024-05-27,117,3,1,342,0.1,3,Card
446,2024-01-17,274,4,3,110,0.0,1,Card
447,2024-04-23,257,4,3,101,0.1,3,Cash
448,2024-04-14,193,1,3,222,0.0,2,Cash
449,2024-03-08,197,8,4,256,0.0,3,Card
450,2024-04-24,109,7,3,95,0.0,3,Online
451,2024-05-12,132,7,3,173,0.1,2,Online
452,2024-05-15,41,3,2,135,0.0,3,Cash
453,2024-05-01,271,3,4,494,0.1,1,Card
454,2024-01-27,40,4,3,386,0.1,2,Card
455,2024-01-04,290,9,4,43,0.0,1,Online
456,2024-01-23,69,5,1,267,0.1,2,Card
457,2024-02-23,138,8,1,268,0.1,3,Online
458,2024-01-03,179,6,2,104,0.0,3,Cash
459,2024-06-17,30,5,3,439,0.05,1,Online
460,2024-05-05,47,6,3,225,0.0,3,Cash
461,2024-01-16,59,7,1,329,0.0,3,Cash
462,2024-06-10,255,9,2,51,0.05,1,Online
463,2024-01-17,48,4,4,29,0.0,3,Card
464,2024-04-11,241,1,3,424,0.0,3,Card
465,2024-05-06,88,2,3,311,0.0,3,Online
466,2024-05-30,167,9,3,217,0.0,1,Cash
467,2024-03-13,141,6,3,188,0.0,2,Card
468,2024-02-18,76,7,3,356,0.05,1,Card
469,2024-04-09,32,4,3,493,0.05,2,Card
470,2024-06-11,78,1,3,62,0.1,2,Cash
471,2024-02-28,168,3,1,266,0.1,1,Card
472,2024-05-13,13,3,1,302,0.1,3,Online
473,2024-05-27,95,4,3,477,0.0,3,Cash
474,2024-02-26,7,8,4,41,0.05,3,Online
475,2024-03-23,179,2,2,291,0.05,1,Card
476,2024-03-15,283,1,4,145,0.0,2,Card
477,2024-03-18,69,6,1,76,0.1,3,Card
478,2024-01-19,214,5,2,69,0.1,3,Cash
479,2024-02-02,141,4,2,66,0.05,2,Online
480,2024-05-26,128,6,3,234,0.0,1,Card
481,2024-04-14,57,8,4,357,0.05,2,Cash
482,2024-03-06,6,5,1,221,0.0,2,Card
483,2024-06-17,219,1,1,101,0.0,3,Online
484,2024-03-29,291,2,3,285,0.0,2,Cash
485,2024-02-08,219,6,2,173,0.05,3,Card
486,2024-05-26,84,3,2,167,0.1,3,Cash
487,2024-05-29,134,9,2,328,0.0,1,Cash
488,2024-02-28,258,4,1,462,0.1,1,Online
489,2024-02-22,79,6,2,492,0.0,3,Card
490,2024-04-09,98,9,3,267,0.0,1,Card
491,2024-01-07,137,4,1,320,0.1,3,Card
492,2024-02-15,106,6,2,439,0.0,2,Card
493,2024-02-23,178,3,2,389,0.05,3,Card
494,2024-04-20,271,4,3,428,0.1,1,Online
495,2024-05-26,248,1,1,430,0.0,3,Card
496,2024-06-16,39,1,1,189,0.0,1,Online
497,2024-02-16,63,1,3,499,0.1,1,Cash
498,2024-02-03,296,2,1,318,0.1,3,Cash
499,2024-01-16,94,7,2,180,0.05,2,Cash
500,2024-06-12,77,8,2,146,0.05,2,Online
501,2024-04-29,91,8,2,377,0.0,3,Cash
502,2024-05-13,107,9,2,228,0.0,3,Card
503,2024-02-06,137,2,4,303,0.0,3,Card
504,2024-04-16,123,6,2,464,0.0,2,Cash
505,2024-03-19,92,2,4,126,0.0,2,Online
506,2024-01-04,214,7,2,158,0.0,1,Online
507,2024-05-08,3,6,2,107,0.1,2,Card
508,2024-03-25,133,1,1,121,0.0,2,Card
509,2024-04-18,84,3,2,474,0.05,3,Card
510,2024-01-27,234,7,1,215,0.1,1,Card
511,2024-02-21,153,7,1,338,0.0,2,Online
512,2024-04-19,177,7,4,408,0.1,1,Card
513,2024-01-06,109,3,1,336,0.0,3,Cash
514,2024-06-18,87,1,1,137,0.0,3,Online
515,2024-01-29,239,5,2,332,0.05,3,Card
516,2024-04-21,45,1,4,65,0.1,3,Card
517,2024-01-18,94,6,2,153,0.1,2,Card
518,2024-06-08,122,3,2,228,0.0,2,Card
519,2024-06-15,247,6,2,47,0.05,3,Online
520,2024-06-04,152,8,2,418,0.0,3,Card
521,2024-01-19,195,8,1,194,0.0,3,Cash
522,2024-04-07,141,6,1,432,0.0,1,Cash
523,2024-02-17,245,7,1,451,0.05,2,Card
524,2024-01-26,7,1,3,288,0.0,3,Card
525,2024-01-17,171,9,1,260,0.0,3,Card
526,2024-04-26,282,9,3,226,0.0,2,Card
527,2024-04-02,86,9,4,331,0.0,3,Online
528,2024-06-05,147,2,2,252,0.05,1,Card
529,2024-06-22,30,9,3,406,0.05,2,Online
530,2024-05-15,22,6,4,67,0.0,3,Card
531,2024-04-25,49,2,4,311,0.05,2,Card
532,2024-05-02,234,3,1,354,0.1,3,Online
533,2024-02-09,59,7,2,225,0.1,2,Online
534,2024-05-01,107,2,4,391,0.05,2,Card
535,2024-05-03,207,9,1,367,0.05,1,Cash
536,2024-06-21,295,4,2,376,0.1,1,Online
537,2024-02-13,29,7,1,230,0.1,1,Online
538,2024-05-24,215,3,4,409,0.0,1,Cash
539,2024-03-02,170,6,4,264,0.0,3,Card
540,2024-05-09,94,1,4,256,0.05,2,Cash
541,2024-03-30,279,2,2,415,0.05,2,Card
542,2024-06-14,222,1,4,81,0.0,2,Card
543,2024-05-01,110,4,4,175,0.0,3,Cash
544,2024-05-11,279,7,2,456,0.05,2,Cash
545,2024-06-09,28,8,1,359,0.1,1,Card
546,2024-05-04,96,3,3,41,0.0,3,Card
547,2024-06-26,176,6,4,139,0.0,1,Cash
548,2024-06-05,104,6,3,251,0.05,2,Cash
549,2024-05-04,256,6,4,350,0.0,3,Online
550,2024-03-01,163,1,1,306,0.05,3,Online
551,2024-06-06,291,6,3,424,0.05,2,Online
552,2024-06-25,183,3,2,427,0.0,3,Card
553,2024-03-23,25,4,1,144,0.0,1,Card
554,2024-03-14,61,9,3,38,0.05,3,Online
555,2024-01-28,197,5,4,158,0.0,3,Card
556,2024-04-22,170,4,4,69,0.1,2,Card
557,2024-05-18,189,2,2,222,0.1,3,Online
558,2024-03-15,277,5,2,229,0.1,3,Card
559,2024-05-29,64,7,3,364,0.0,1,Online
560,2024-06-23,209,2,4,479,0.0,2,Card
561,2024-01-12,296,6,3,78,0.05,2,Cash
562,2024-03-30,94,2,3,175,0.1,1,Card
563,2024-01-26,75,8,2,341,0.1,3,Cash
564,2024-02-09,209,4,4,27,0.0,3,Cash
565,2024-02-14,239,8,2,254,0.05,3,Card
566,2024-03-13,179,4,3,107,0.1,1,Cash
567,2024-04-28,264,5,1,258,0.05,2,Cash
568,2024-02-22,119,1,4,399,0.05,1,Cash
569,2024-01-11,98,2,2,432,0.05,3,Cash
570,2024-02-19,216,4,2,270,0.1,3,Card
571,2024-05-05,296,8,4,406,0.0,3,Online
572,2024-04-02,56,7,2,211,0.1,1,Card
573,2024-04-10,282,6,1,499,0.1,3,Cash
574,2024-03-28,278,2,4,185,0.05,3,Online
575,2024-04-05,190,5,3,495,0.0,2,Cash
576,2024-05-31,112,7,4,147,0.0,1,Card
577,2024-02-26,106,5,3,242,0.05,2,Card
578,2024-06-24,18,3,2,416,0.0,1,Online
579,2024-03-03,167,1,2,290,0.05,1,Cash
580,2024-03-17,208,9,3,488,0.0,3,Cash
581,2024-02-17,18,7,3,463,0.05,3,Online
582,2024-05-20,229,6,1,243,0.0,3,Card
583,2024-01-14,95,6,1,207,0.0,3,Card
584,2024-06-14,120,5,1,179,0.05,2,Online
585,2024-05-29,96,6,4,150,0.0,3,Cash
586,2024-02-01,99,3,1,25,0.0,3,Card
587,2024-03-09,190,4,3,306,0.0,1,Online
588,2024-03-24,13,2,1,306,0.0,1,Card
589,2024-05-08,273,8,1,457,0.1,2,Cash
590,2024-06-22,264,7,3,128,0.05,1,Card
591,2024-01-16,2,6,4,492,0.0,2,Online
592,2024-01-13,96,2,1,305,0.05,1,Cash
593,2024-06-19,94,5,2,357,0.0,3,Card
594,2024-05-22,201,4,4,486,0.1,2,Online
595,2024-06-28,137,6,1,490,0.1,3,Card
596,2024-04-07,208,9,4,246,0.05,3,Card
597,2024-05-15,72,1,1,481,0.0,3,Cash
598,2024-04-12,171,1,2,390,0.05,1,Cash
599,2024-06-16,56,6,1,232,0.0,2,Cash
600,2024-02-23,200,9,2,440,0.0,1,Online
601,2024-02-18,149,3,3,158,0.1,2,Online
602,2024-06-04,273,6,4,358,0.05,3,Cash
603,2024-04-28,293,3,4,469,0.0,2,Cash
604,2024-02-27,269,4,1,318,0.1,2,Card
605,2024-03-23,186,3,1,247,0.05,2,Online
606,2024-02-17,296,1,4,404,0.0,3,Cash
607,2024-06-03,137,8,4,441,0.1,3,Online
608,2024-02-03,67,8,2,256,0.0,2,Cash
609,2024-05-27,10,3,2,92,0.0,3,Card
610,2024-04-22,271,3,3,461,0.05,1,Card
611,2024-06-10,140,7,4,301,0.05,3,Online
612,2024-03-29,66,3,4,148,0.0,2,Card
613,2024-04-25,214,5,1,359,0.0,2,Card
614,2024-05-22,250,4,1,391,0.0,3,Cash
615,2024-04-30,70,1,1,296,0.1,3,Online
616,2024-01-18,149,3,3,471,0.05,2,Online
617,2024-05-17,180,1,4,470,0.1,3,Online
618,2024-05-01,237,5,1,211,0.0,3,Card
619,2024-04-11,197,9,4,462,0.0,3,Cash
620,2024-02-20,30,7,1,379,0.1,2,Card
621,2024-05-04,220,9,3,475,0.05,3,Online
622,2024-06-10,247,4,2,488,0.1,1,Card
623,2024-04-10,111,1,3,297,0.1,1,Card
624,2024-05-28,209,6,3,201,0.0,2,Online
625,2024-06-23,273,1,1,227,0.1,2,Cash
626,2024-03-21,78,6,1,164,0.0,3,Cash
627,2024-05-22,283,1,2,258,0.1,3,Card
628,2024-01-06,197,6,4,182,0.1,2,Card
629,2024-01-26,5,4,3,236,0.0,2,Cash
630,2024-05-25,273,9,3,467,0.0,2,Cash
631,2024-02-13,19,3,1,410,0.1,1,Online
632,2024-06-11,122,8,3,423,0.1,1,Card
633,2024-02-19,65,3,1,346,0.05,1,Cash
634,2024-06-13,239,4,2,147,0.0,3,Cash
635,2024-01-28,237,2,4,448,0.0,3,Online
636,2024-01-15,171,9,2,155,0.1,3,Card
637,2024-04-17,103,9,2,283,0.05,3,Cash
638,2024-04-23,197,5,2,249,0.0,1,Online
639,2024-05-05,173,7,4,117,0.05,1,Cash
640,2024-04-17,4,7,2,459,0.0,2,Cash
641,2024-05-01,96,9,2,290,0.1,1,Cash
642,2024-04-29,106,1,4,25,0.1,3,Card
643,2024-06-08,214,8,1,486,0.0,2,Online
644,2024-05-29,247,3,2,212,0.1,1,Online
645,2024-04-22,251,9,2,244,0.0,1,Online
646,2024-06-23,69,4,2,102,0.0,3,Cash
647,2024-04-21,25,9,1,431,0.0,2,Cash
648,2024-06-17,25,3,2,394,0.05,2,Cash
649,2024-03-25,214,7,3,478,0.05,3,Card
650,2024-01-02,121,2,4,401,0.1,2,Online
651,2024-01-18,187,6,3,291,0.0,1,Online
652,2024-02-11,76,4,3,258,0.1,3,Cash
653,2024-06-03,283,8,2,493,0.05,3,Online
654,2024-03-03,12,1,3,394,0.0,3,Card
655,2024-01-08,90,4,1,395,0.1,2,Card
656,2024-06-06,151,7,3,95,0.0,1,Card
657,2024-05-22,228,4,1,304,0.05,3,Card
658,2024-06-13,27,7,2,40,0.1,1,Card
659,2024-05-09,224,2,2,338,0.1,1,Cash
660,2024-01-19,34,6,4,49,0.0,1,Cash
661,2024-06-12,231,3,4,455,0.05,3,Cash
662,2024-03-19,148,9,2,135,0.05,2,Cash
663,2024-05-05,75,5,1,423,0.05,2,Cash
664,2024-02-03,77,9,4,496,0.1,2,Online
665,2024-06-07,163,9,3,87,0.05,1,Card
666,2024-02-01,187,4,3,358,0.05,2,Cash
667,2024-01-17,144,7,2,335,0.1,1,Online
668,2024-05-18,4,7,3,107,0.0,2,Online
669,2024-04-01,47,5,2,415,0.05,2,Online
670,2024-01-04,108,3,2,125,0.1,2,Online
671,2024-03-15,195,3,4,325,0.05,2,Online
672,2024-02-18,144,2,1,201,0.0,2,Cash
673,2024-01-25,96,8,4,185,0.1,1,Card
674,2024-02-11,246,6,4,380,0.0,1,Cash
675,2024-03-20,162,9,3,302,0.0,2,Card
676,2024-01-10,226,4,4,365,0.0,3,Cash
677,2024-06-12,159,9,1,454,0.1,2,Cash
678,2024-04-10,156,4,1,34,0.1,1,Online
679,2024-04-19,146,8,4,424,0.0,2,Cash
680,2024-05-29,36,4,4,333,0.1,2,Cash
681,2024-04-09,217,1,3,355,0.0,1,Cash
682,2024-04-18,123,5,2,214,0.05,1,Online
683,2024-05-19,87,7,2,250,0.05,2,Online
684,2024-02-23,44,2,4,420,0.0,1,Card
685,2024-04-13,256,1,3,391,0.05,1,Online
686,2024-03-23,110,6,3,292,0.1,2,Online
687,2024-02-04,133,9,4,443,0.0,1,Cash
688,2024-01-22,219,9,3,428,0.05,3,Card
689,2024-04-05,75,7,4,447,0.05,3,Cash
690,2024-02-23,218,3,4,478,0.0,2,Online
691,2024-04-20,129,1,1,402,0.0,2,Card
692,2024-01-29,112,3,4,345,0.1,1,Online
693,2024-04-17,204,4,4,182,0.0,1,Card
694,2024-01-19,102,9,3,279,0.05,2,Online
695,2024-02-12,211,8,1,384,0.0,2,Cash
696,2024-05-30,299,9,4,134,0.0,3,Online
697,2024-01-11,154,6,3,287,0.05,2,Online
698,2024-06-22,230,1,3,467,0.0,2,Card
699,2024-02-21,263,7,3,251,0.1,1,Card
700,2024-04-19,140,3,4,173,0.0,1,Card
701,2024-04-30,269,9,2,328,0.1,1,Cash
702,2024-04-27,260,1,2,460,0.1,3,Cash
703,2024-06-21,279,2,2,30,0.1,3,Online
704,2024-02-23,29,3,1,45,0.0,1,Cash
705,2024-04-01,273,3,2,54,0.0,2,Cash
706,2024-03-19,110,8,4,112,0.0,1,Online
707,2024-02-16,181,6,2,125,0.05,2,Cash
708,2024-01-07,278,1,4,106,0.0,2,Card
709,2024-05-14,230,4,1,349,0.0,1,Card
710,2024-06-10,4,1,4,456,0.1,3,Cash
711,2024-03-11,178,9,2,279,0.0,1,Online
712,2024-02-05,244,9,4,272,0.1,2,Card
713,2024-01-31,260,5,4,374,0.05,1,Online
714,2024-06-24,39,9,4,449,0.0,2,Cash
715,2024-04-17,268,4,2,222,0.0,2,Cash
716,2024-01-01,87,6,1,274,0.05,2,Cash
717,2024-04-04,254,5,3,120,0.0,2,Card
718,2024-01-12,118,7,2,52,0.0,1,Cash
719,2024-01-29,161,5,1,351,0.05,3,Cash
720,2024-01-18,259,7,4,392,0.1,3,Cash
721,2024-06-09,95,4,4,441,0.0,3,Cash
722,2024-04-02,22,2,4,388,0.0,3,Cash
723,2024-03-25,55,7,2,44,0.05,3,Online
724,2024-06-21,150,5,1,284,0.0,3,Card
725,2024-03-14,251,7,2,72,0.1,2,Online
726,2024-04-20,266,3,3,432,0.05,2,Online
727,2024-05-26,67,8,2,96,0.0,3,Cash
728,2024-06-27,85,3,4,194,0.1,1,Online
729,2024-01-09,15,7,4,352,0.05,2,Cash
730,2024-04-22,1,8,1,297,0.1,1,Card
731,2024-06-02,279,6,2,31,0.0,3,Card
732,2024-05-20,43,2,3,44,0.0,3,Online
733,2024-02-25,155,9,1,111,0.05,1,Cash
734,2024-05-15,6,8,1,342,0.0,3,Cash
735,2024-01-25,148,6,1,288,0.0,2,Online
736,2024-02-14,175,2,2,85,0.0,3,Card
737,2024-02-04,26,6,3,222,0.05,1,Card
738,2024-04-28,214,7,1,70,0.05,2,Online
739,2024-04-01,187,1,2,95,0.05,3,Online
740,2024-06-25,37,3,4,272,0.0,2,Online
741,2024-02-07,126,7,3,187,0.1,2,Cash
742,2024-06-11,173,8,4,47,0.1,3,Online
743,2024-03-25,65,6,2,104,0.0,3,Online
744,2024-04-16,158,2,4,362,0.05,3,Online
745,2024-04-12,88,3,1,424,0.0,3,Online
746,2024-06-24,134,9,2,154,0.0,1,Card
747,2024-03-30,296,1,1,306,0.0,3,Card
748,2024-05-24,28,9,2,136,0.1,2,Card
749,2024-03-15,249,6,2,316,0.0,2,Card
750,2024-06-16,259,7,3,161,0.0,1,Online
751,2024-05-25,241,4,1,171,0.05,1,Card
752,2024-06-01,126,2,3,209,0.0,1,Cash
753,2024-01-25,16,6,1,422,0.05,3,Card
754,2024-06-10,236,8,1,61,0.05,3,Cash
755,2024-02-14,134,5,2,364,0.0,2,Cash
756,2024-02-08,287,9,4,380,0.1,2,Card
757,2024-01-04,191,8,1,498,0.05,1,Card
758,2024-01-16,143,3,1,173,0.1,1,Card
759,2024-03-19,146,2,3,280,0.1,1,Card
760,2024-03-14,189,9,4,445,0.0,3,Online
761,2024-04-26,267,3,2,275,0.0,1,Card
762,2024-04-29,141,5,2,416,0.1,2,Card
763,2024-02-25,60,7,4,218,0.0,3,Online
764,2024-06-27,197,7,1,170,0.0,3,Card
765,2024-05-09,153,7,3,453,0.1,2,Online
766,2024-04-08,82,6,2,214,0.0,1,Online
767,2024-05-05,144,8,2,334,0.1,1,Online
768,2024-01-14,100,7,1,458,0.05,2,Online
769,2024-04-20,232,3,1,492,0.1,2,Online
770,2024-06-21,7,2,2,292,0.05,1,Cash
771,2024-05-13,285,9,4,421,0.05,3,Card
772,2024-01-26,115,2,2,171,0.05,3,Online
773,2024-06-27,90,5,2,208,0.0,2,Online
774,2024-06-27,276,6,2,334,0.1,3,Online
775,2024-06-05,191,8,1,128,0.0,2,Online
776,2024-04-13,7,1,3,406,0.0,3,Cash
777,2024-02-10,123,5,3,191,0.05,1,Cash
778,2024-05-06,209,3,3,184,0.0,1,Online
779,2024-04-08,116,1,4,194,0.0,3,Cash
780,2024-03-19,79,6,2,225,0.0,3,Online
781,2024-01-08,79,3,2,311,0.05,2,Online
782,2024-04-05,189,4,1,380,0.0,1,Card
783,2024-03-19,236,9,1,53,0.0,1,Cash
784,2024-06-07,192,9,2,474,0.0,2,Cash
785,2024-05-09,209,5,4,366,0.0,2,Card
786,2024-03-24,85,5,4,113,0.0,2,Online
787,2024-05-01,128,1,1,291,0.0,3,Card
788,2024-05-09,132,5,4,461,0.05,3,Cash
789,2024-03-09,69,4,2,409,0.0,3,Card
790,2024-06-18,185,2,1,220,0.0,1,Online
791,2024-01-22,162,7,4,361,0.1,1,Cash
792,2024-01-18,97,1,3,385,0.0,1,Cash
793,2024-02-01,161,9,3,190,0.05,3,Cash
794,2024-03-27,56,1,2,483,0.0,1,Cash
795,2024-06-19,295,1,2,480,0.0,3,Cash
796,2024-01-30,250,2,3,201,0.05,2,Online
797,2024-04-15,263,8,3,267,0.0,2,Cash
798,2024-02-18,52,2,2,212,0.1,3,Card
799,2024-01-09,251,3,1,493,0.0,3,Cash
800,2024-06-03,65,6,4,39,0.1,1,Card
801,2024-03-23,185,7,4,403,0.05,3,Cash
802,2024-05-05,42,2,2,496,0.0,1,Online
803,2024-05-01,273,6,2,131,0.0,2,Online
804,2024-01-22,56,7,1,226,0.0,3,Card
805,2024-05-04,198,5,4,310,0.0,1,Online
806,2024-01-16,61,6,1,238,0.0,2,Card
807,2024-06-19,273,9,4,93,0.1,3,Online
808,2024-03-11,108,2,3,447,0.0,2,Card
809,2024-01-16,96,3,4,225,0.0,2,Cash
810,2024-05-19,150,9,2,144,0.0,1,Cash
811,2024-05-25,45,1,3,77,0.0,3,Online
812,2024-03-19,44,1,2,480,0.05,3,Card
813,2024-03-09,130,7,3,211,0.05,2,Card
814,2024-04-28,208,3,4,106,0.0,3,Online
815,2024-04-06,169,9,3,432,0.0,3,Online
816,2024-01-31,82,7,3,333,0.1,1,Card
817,2024-01-06,103,7,1,289,0.1,2,Cash
818,2024-05-05,209,1,2,247,0.0,2,Online
819,2024-02-25,208,9,3,189,0.05,3,Cash
820,2024-03-04,187,2,3,303,0.0,2,Cash
821,2024-01-13,271,9,3,311,0.0,3,Cash
822,2024-03-14,25,5,4,466,0.0,3,Card
823,2024-03-28,120,1,2,60,0.0,1,Card
824,2024-04-30,137,4,1,149,0.1,1,Card
825,2024-04-03,168,5,1,325,0.1,1,Cash
826,2024-03-14,274,4,3,432,0.1,1,Card
827,2024-01-14,157,4,2,36,0.0,2,Online
828,2024-02-16,107,9,4,395,0.1,1,Online
829,2024-01-19,26,9,3,290,0.1,2,Cash
830,2024-03-22,181,3,2,111,0.0,2,Card
831,2024-06-09,76,1,2,294,0.0,3,Online
832,2024-06-02,200,4,3,68,0.05,1,Cash
833,2024-04-09,189,6,3,65,0.0,2,Card
834,2024-04-27,144,8,1,44,0.0,1,Online
835,2024-05-27,71,9,4,153,0.1,2,Online
836,2024-06-09,26,9,2,109,0.0,1,Online
837,2024-06-02,2,1,3,455,0.1,2,Card
838,2024-05-05,98,5,1,97,0.1,2,Cash
839,2024-01-23,254,2,1,106,0.05,3,Cash
840,2024-02-09,100,3,3,202,0.1,2,Card
841,2024-04-09,278,2,2,153,0.0,3,Cash
842,2024-03-11,48,3,2,392,0.05,2,Online
843,2024-02-17,135,5,1,126,0.0,3,Online
844,2024-03-09,23,5,4,406,0.0,1,Card
845,2024-01-17,154,5,3,406,0.0,1,Card
846,2024-04-15,35,7,3,441,0.1,2,Online
847,2024-02-07,119,2,2,285,0.1,1,Cash
848,2024-04-24,257,7,2,420,0.0,2,Card
849,2024-04-30,132,2,2,125,0.0,1,Online
850,2024-03-14,262,8,2,31,0.0,1,Online
851,2024-05-06,140,9,3,466,0.0,2,Cash
852,2024-01-10,212,8,3,143,0.0,1,Cash
853,2024-03-26,149,2,4,272,0.0,2,Online
854,2024-05-14,129,6,4,235,0.05,2,Cash
855,2024-02-13,145,3,1,63,0.0,2,Cash
856,2024-04-29,200,5,4,70,0.0,2,Card
857,2024-02-02,18,8,1,401,0.05,1,Cash
858,2024-06-28,32,9,3,93,0.0,3,Online
859,2024-05-05,287,7,2,76,0.1,1,Card
860,2024-06-09,229,2,2,37,0.05,3,Online
861,2024-04-19,254,8,2,265,0.0,1,Cash
862,2024-03-27,177,2,4,328,0.0,2,Cash
863,2024-01-13,296,9,4,180,0.05,2,Online
864,2024-01-19,279,6,2,248,0.0,1,Cash
865,2024-02-26,112,5,1,411,0.0,2,Cash
866,2024-01-29,259,8,2,32,0.05,3,Cash
867,2024-05-09,108,2,2,274,0.1,1,Card
868,2024-05-06,282,8,2,479,0.0,3,Cash
869,2024-01-15,5,4,4,348,0.1,1,Card
870,2024-05-22,248,7,1,385,0.0,3,Online
871,2024-03-25,198,1,3,259,0.1,3,Cash
872,2024-03-25,237,1,1,440,0.05,3,Online
873,2024-05-02,144,4,4,480,0.05,3,Card
874,2024-05-19,90,5,2,428,0.1,1,Card
875,2024-01-28,99,5,4,344,0.0,2,Cash
876,2024-04-15,58,6,2,352,0.05,1,Card
877,2024-04-10,256,3,3,75,0.0,2,Online
878,2024-05-22,261,3,1,162,0.0,2,Online
879,2024-01-04,292,9,2,415,0.0,3,Cash
880,2024-01-09,61,5,4,120,0.05,2,Online
881,2024-04-14,260,9,3,82,0.0,3,Card
882,2024-06-18,76,4,2,226,0.1,1,Cash
883,2024-04-05,218,1,2,20,0.05,3,Online
884,2024-06-18,246,7,4,438,0.0,2,Card
885,2024-05-29,132,1,2,313,0.05,3,Card
886,2024-05-09,49,8,4,218,0.05,3,Cash
887,2024-04-20,168,3,3,258,0.05,3,Cash
888,2024-05-03,80,9,3,235,0.0,3,Card
889,2024-06-06,195,6,3,46,0.1,1,Cash
890,2024-05-03,76,7,2,261,0.05,1,Online
891,2024-03-27,246,5,4,434,0.0,3,Online
892,2024-05-28,145,2,4,35,0.0,1,Card
893,2024-05-25,206,4,3,433,0.0,3,Card
894,2024-06-20,117,4,4,26,0.0,3,Cash
895,2024-01-10,42,9,2,344,0.05,1,Online
896,2024-01-10,128,3,1,397,0.0,1,Card
897,2024-03-18,85,5,4,388,0.05,1,Card
898,2024-03-02,296,6,1,88,0.0,3,Online
899,2024-05-20,97,1,3,325,0.0,2,Cash
900,2024-05-08,71,5,3,281,0.0,3,Cash
901,2024-01-25,156,5,3,391,0.1,1,Cash
902,2024-04-02,19,1,3,217,0.0,1,Card
903,2024-02-09,153,6,3,445,0.0,1,Online
904,2024-04-18,184,7,4,455,0.1,3,Cash
905,2024-03-27,201,1,3,392,0.0,1,Cash
906,2024-05-14,118,4,3,230,0.1,1,Card
907,2024-03-03,62,4,3,450,0.0,3,Card
908,2024-04-26,246,7,1,442,0.0,1,Online
909,2024-05-11,197,4,4,443,0.0,1,Card
910,2024-01-14,146,9,4,326,0.1,3,Cash
911,2024-04-08,279,1,1,305,0.1,1,Online
912,2024-01-15,188,3,4,271,0.0,2,Online
913,2024-05-27,213,1,3,384,0.1,1,Card
914,2024-02-28,96,7,2,66,0.05,2,Cash
915,2024-01-27,220,2,4,449,0.1,3,Online
916,2024-06-20,72,6,1,496,0.0,3,Cash
917,2024-05-25,38,9,2,346,0.1,3,Card
918,2024-06-27,35,2,2,219,0.05,1,Cash
919,2024-06-15,204,2,4,177,0.1,3,Cash
920,2024-02-17,166,7,2,178,0.05,3,Card
921,2024-04-04,140,5,1,154,0.0,2,Cash
922,2024-04-12,146,2,2,399,0.1,2,Online
923,2024-01-17,196,7,2,127,0.0,2,Card
924,2024-04-28,162,6,3,271,0.05,2,Cash
925,2024-05-05,44,6,1,333,0.05,2,Card
926,2024-01-03,214,6,2,435,0.05,2,Online
927,2024-06-24,145,7,3,351,0.0,1,Cash
928,2024-03-28,17,4,4,157,0.05,2,Online
929,2024-05-16,219,3,1,499,0.0,1,Cash
930,2024-01-03,168,6,4,171,0.05,3,Online
931,2024-02-09,141,6,4,127,0.0,1,Card
932,2024-01-02,249,4,3,356,0.0,2,Online
933,2024-04-20,107,7,3,493,0.0,3,Online
934,2024-03-09,84,7,4,461,0.1,3,Card
935,2024-01-12,13,8,1,332,0.0,2,Card
936,2024-03-20,128,3,1,59,0.0,3,Card
937,2024-03-11,117,8,2,30,0.0,2,Cash
938,2024-01-31,75,7,4,181,0.05,1,Cash
939,2024-06-08,20,9,2,316,0.05,2,Cash
940,2024-02-08,145,6,4,428,0.1,1,Online
941,2024-06-14,130,6,3,257,0.0,1,Online
942,2024-03-12,165,1,4,388,0.0,1,Cash
943,2024-01-18,166,6,2,258,0.0,1,Card
944,2024-03-04,138,2,2,262,0.05,3,Card
945,2024-06-11,98,2,4,329,0.0,2,Card
946,2024-03-09,92,5,1,483,0.05,3,Card
947,2024-03-31,128,7,4,299,0.0,2,Online
948,2024-02-22,224,3,1,206,0.0,1,Card
949,2024-06-27,39,4,2,144,0.0,2,Online
950,2024-04-25,11,1,4,83,0.0,2,Cash
951,2024-01-21,39,6,3,430,0.0,2,Cash
952,2024-04-20,123,1,3,183,0.05,3,Online
953,2024-04-12,281,6,3,178,0.1,3,Online
954,2024-05-05,69,9,3,405,0.0,2,Cash
955,2024-06-07,10,2,4,249,0.0,2,Card
956,2024-06-25,218,5,1,345,0.1,1,Cash
957,2024-01-26,72,5,2,274,0.1,2,Online
958,2024-05-23,259,4,3,163,0.0,3,Online
959,2024-02-24,235,5,1,395,0.1,2,Cash
960,2024-03-02,174,9,3,185,0.0,3,Card
961,2024-01-21,200,3,1,218,0.1,2,Online
962,2024-01-20,264,2,1,467,0.1,1,Card
963,2024-04-03,154,6,4,284,0.05,1,Cash
964,2024-05-30,232,6,1,361,0.05,2,Online
965,2024-03-13,249,8,2,392,0.0,1,Cash
966,2024-06-19,220,8,1,454,0.0,3,Card
967,2024-02-11,164,9,1,61,0.05,3,Cash
968,2024-03-13,129,7,2,341,0.0,2,Cash
969,2024-05-04,67,6,4,172,0.0,1,Cash
970,2024-02-27,82,7,2,72,0.0,2,Cash
971,2024-01-24,212,1,1,423,0.05,1,Card
972,2024-04-25,237,9,3,404,0.0,3,Online
973,2024-02-14,24,3,2,330,0.05,3,Card
974,2024-05-23,271,9,3,457,0.05,2,Online
975,2024-04-24,68,5,1,354,0.0,3,Card
976,2024-04-12,297,2,2,94,0.0,3,Online
977,2024-01-07,49,1,3,58,0.05,1,Online
978,2024-06-08,132,4,2,402,0.05,2,Card
979,2024-03-17,1,8,4,307,0.1,3,Cash
980,2024-03-20,83,1,2,55,0.0,1,Online
981,2024-04-18,181,4,2,235,0.05,1,Cash
982,2024-05-25,22,2,2,483,0.0,1,Online
983,2024-02-23,90,5,3,58,0.0,1,Online
984,2024-02-18,101,2,3,92,0.05,2,Cash
985,2024-04-12,2,3,3,372,0.05,1,Online
986,2024-05-23,140,7,3,248,0.0,2,Online
987,2024-03-21,106,1,4,374,0.0,1,Card
988,2024-06-09,100,2,2,156,0.0,1,Cash
989,2024-04-23,143,6,1,48,0.0,2,Card
990,2024-03-22,242,9,3,368,0.1,1,Online
991,2024-05-10,114,6,4,94,0.0,1,Cash
992,2024-01-20,58,9,2,461,0.05,1,Cash
993,2024-04-06,92,4,1,215,0.05,1,Cash
994,2024-03-09,45,9,4,408,0.0,2,Card
995,2024-04-23,204,3,2,86,0.0,2,Card
996,2024-06-02,62,3,1,305,0.0,2,Card
997,2024-02-13,163,7,3,160,0.05,3,Card
998,2024-02-10,172,2,2,464,0.0,2,Card
999,2024-04-15,300,8,2,88,0.0,3,Online
1000,2024-01-30,71,6,1,181,0.0,2,Online
1001,2024-01-26,126,8,3,416,0.05,1,Cash
1002,2024-02-18,298,1,3,207,0.0,2,Online
1003,2024-05-25,85,4,3,373,0.0,2,Cash
1004,2024-04-23,255,8,1,206,0.0,2,Card
1005,2024-01-20,281,3,3,348,0.05,1,Online
1006,2024-06-03,40,3,3,403,0.1,2,Cash
1007,2024-06-17,289,3,1,186,0.1,1,Online
1008,2024-01-23,135,8,1,386,0.1,1,Cash
1009,2024-06-25,282,5,4,392,0.0,2,Online
1010,2024-04-16,279,1,1,431,0.0,3,Cash
1011,2024-01-26,144,7,2,136,0.0,1,Cash
1012,2024-06-14,134,2,4,468,0.0,2,Cash
1013,2024-06-17,72,1,4,165,0.05,3,Cash
1014,2024-05-29,246,6,1,205,0.0,2,Online
1015,2024-01-22,51,7,4,118,0.0,3,Cash
1016,2024-05-17,183,9,1,160,0.0,3,Cash
1017,2024-02-20,186,2,1,288,0.0,3,Cash
1018,2024-03-10,247,1,3,139,0.05,3,Online
1019,2024-04-25,133,3,2,122,0.0,3,Card
1020,2024-05-08,91,2,2,471,0.0,1,Card
1021,2024-06-24,24,3,2,312,0.0,2,Online
1022,2024-01-29,143,9,3,333,0.0,3,Cash
1023,2024-03-04,243,2,1,211,0.1,3,Cash
1024,2024-01-26,29,3,2,50,0.05,2,Cash
1025,2024-03-05,294,7,4,300,0.1,1,Card
1026,2024-04-15,198,7,1,424,0.05,1,Card
1027,2024-05-10,76,7,3,398,0.1,2,Cash
1028,2024-03-09,85,5,2,234,0.0,3,Online
1029,2024-06-07,161,7,1,469,0.1,2,Cash
1030,2024-01-31,11,7,1,134,0.1,1,Cash
1031,2024-01-02,101,5,4,124,0.05,2,Card
1032,2024-04-02,20,6,4,448,0.0,2,Card
1033,2024-01-26,169,9,2,140,0.1,3,Card
1034,2024-01-13,48,9,1,326,0.0,1,Online
1035,2024-01-05,278,7,3,351,0.0,1,Card
1036,2024-05-03,69,8,3,457,0.05,2,Card
1037,2024-01-16,205,7,4,235,0.0,1,Cash
1038,2024-04-21,172,9,4,499,0.0,2,Online
1039,2024-01-15,292,1,4,197,0.0,3,Card
1040,2024-03-14,280,2,2,227,0.0,1,Cash
1041,2024-02-29,16,3,3,23,0.0,2,Cash
1042,2024-01-14,79,1,1,170,0.0,1,Card
1043,2024-02-26,186,4,1,420,0.05,2,Online
1044,2024-03-17,151,1,1,378,0.1,3,Cash
1045,2024-01-17,19,6,1,436,0.1,3,Card
1046,2024-03-14,202,8,2,103,0.0,1,Online
1047,2024-05-06,80,7,3,419,0.0,3,Cash
1048,2024-01-12,291,1,4,443,0.0,1,Cash
1049,2024-01-17,288,9,3,247,0.1,2,Online
1050,2024-05-16,92,5,4,172,0.0,1,Cash
1051,2024-04-12,55,1,3,487,0.0,1,Cash
1052,2024-01-26,121,6,1,245,0.05,3,Cash
1053,2024-02-28,285,1,3,141,0.05,2,Cash
1054,2024-03-31,25,4,4,43,0.0,2,Cash
1055,2024-05-16,227,8,2,56,0.0,2,Cash
1056,2024-02-22,235,1,2,486,0.0,3,Cash
1057,2024-01-15,101,5,3,422,0.1,3,Card
1058,2024-04-17,130,4,2,126,0.0,3,Cash
1059,2024-02-28,90,3,2,185,0.05,3,Cash
1060,2024-05-18,229,2,3,155,0.0,3,Cash
1061,2024-05-16,191,3,2,417,0.0,1,Online
1062,2024-03-15,295,9,2,459,0.1,1,Cash
1063,2024-02-17,86,5,3,34,0.05,2,Online
1064,2024-03-18,9,9,1,88,0.1,3,Online
1065,2024-05-25,243,1,1,168,0.0,1,Online
1066,2024-03-07,100,2,3,245,0.0,2,Online
1067,2024-05-14,222,1,3,432,0.0,2,Cash
1068,2024-01-27,229,8,3,363,0.0,2,Cash
1069,2024-01-24,274,9,4,66,0.05,3,Online
1070,2024-05-18,234,3,3,488,0.0,1,Cash
1071,2024-01-24,136,6,4,398,0.0,1,Card
1072,2024-04-09,261,1,4,407,0.05,1,Cash
1073,2024-03-03,175,9,2,347,0.05,1,Cash
1074,2024-04-01,190,7,3,146,0.1,3,Cash
1075,2024-05-11,112,9,1,261,0.0,3,Cash
1076,2024-04-17,223,4,4,216,0.05,3,Online
1077,2024-01-07,189,7,4,342,0.05,2,Cash
1078,2024-01-09,115,2,2,422,0.0,1,Card
1079,2024-03-18,108,9,2,300,0.1,3,Online
1080,2024-01-27,104,4,3,354,0.1,3,Online
1081,2024-05-02,206,1,3,303,0.0,2,Online
1082,2024-04-10,105,2,2,41,0.05,3,Cash
1083,2024-04-16,251,8,4,329,0.0,1,Online
1084,2024-04-20,258,1,2,277,0.0,2,Cash
1085,2024-04-10,246,1,4,202,0.1,3,Cash
1086,2024-05-26,155,1,4,146,0.1,3,Card
1087,2024-01-17,264,9,2,59,0.1,2,Cash
1088,2024-06-11,242,7,1,395,0.05,3,Card
1089,2024-01-25,252,7,2,103,0.0,2,Cash
1090,2024-06-24,8,7,2,297,0.05,3,Online
1091,2024-05-15,219,8,1,321,0.0,2,Online
1092,2024-06-09,175,4,4,402,0.0,2,Card
1093,2024-04-22,205,5,1,308,0.1,2,Card
1094,2024-04-24,121,1,1,285,0.0,1,Online
1095,2024-04-22,233,3,2,411,0.0,3,Cash
1096,2024-01-11,118,4,1,196,0.0,3,Card
1097,2024-02-25,56,6,2,225,0.05,1,Cash
1098,2024-06-28,235,7,4,310,0.0,3,Cash
1099,2024-02-27,93,7,1,350,0.1,3,Online
1100,2024-03-02,240,8,3,250,0.0,1,Card
1101,2024-04-28,292,9,2,352,0.05,1,Cash
1102,2024-04-23,284,8,1,434,0.0,3,Card
1103,2024-04-10,201,7,4,189,0.1,2,Online
1104,2024-03-25,109,5,1,352,0.05,2,Online
1105,2024-06-04,299,9,2,408,0.0,3,Online
1106,2024-03-07,62,7,3,346,0.0,1,Online
1107,2024-05-15,52,1,2,105,0.0,2,Card
1108,2024-05-05,155,8,2,223,0.1,3,Cash
1109,2024-05-02,254,2,1,388,0.1,1,Online
1110,2024-02-07,181,9,4,411,0.0,2,Online
1111,2024-05-24,79,9,4,463,0.1,3,Cash
1112,2024-03-29,103,2,4,415,0.1,3,Cash
1113,2024-04-25,163,2,2,255,0.05,2,Cash
1114,2024-05-23,96,4,1,337,0.0,2,Online
1115,2024-04-30,92,6,3,413,0.1,3,Card
1116,2024-02-15,278,8,3,156,0.0,3,Online
1117,2024-06-26,162,6,2,58,0.0,1,Online
1118,2024-02-03,242,7,3,73,0.1,2,Card
1119,2024-02-15,135,6,2,337,0.05,1,Card
1120,2024-06-10,113,1,3,441,0.1,3,Cash
1121,2024-05-25,45,1,3,359,0.1,3,Online
1122,2024-04-11,190,2,4,413,0.05,1,Card
1123,2024-02-09,275,3,4,379,0.0,2,Card
1124,2024-02-16,262,8,3,339,0.05,2,Online
1125,2024-05-19,237,7,3,196,0.0,2,Online
1126,2024-01-21,293,4,1,68,0.1,3,Card
1127,2024-04-02,94,7,3,146,0.0,1,Online
1128,2024-03-13,12,3,2,299,0.05,3,Card
1129,2024-06-15,80,1,1,42,0.05,2,Online
1130,2024-05-07,190,2,3,178,0.0,3,Online
1131,2024-04-12,196,2,1,94,0.0,1,Online
1132,2024-05-28,124,3,1,312,0.0,3,Cash
1133,2024-02-10,203,8,4,96,0.0,2,Card
1134,2024-04-12,157,7,2,90,0.0,2,Online
1135,2024-04-22,165,7,4,205,0.0,1,Card
1136,2024-04-24,262,2,1,146,0.0,2,Online
1137,2024-04-10,52,3,1,468,0.0,2,Card
1138,2024-05-24,93,4,2,306,0.05,1,Cash
1139,2024-06-01,2,7,1,164,0.0,2,Card
1140,2024-05-28,205,6,4,183,0.0,1,Online
1141,2024-06-15,161,8,1,173,0.05,1,Card
1142,2024-01-16,120,4,2,163,0.0,1,Online
1143,2024-03-06,79,6,1,294,0.0,2,Cash
1144,2024-03-31,141,1,2,65,0.0,1,Cash
1145,2024-05-07,152,3,1,430,0.0,3,Online
1146,2024-02-17,191,1,3,388,0.0,1,Card
1147,2024-04-30,226,6,1,362,0.1,3,Online
1148,2024-02-06,134,1,3,174,0.0,2,Cash
1149,2024-06-01,125,8,2,380,0.1,3,Cash
1150,2024-04-15,193,4,1,473,0.0,2,Cash
1151,2024-02-08,139,4,3,287,0.0,3,Card
1152,2024-02-27,184,8,1,165,0.0,1,Online
1153,2024-01-10,188,2,3,272,0.0,2,Online
1154,2024-03-07,56,4,3,318,0.05,2,Cash
1155,2024-03-11,82,4,3,76,0.0,1,Cash
1156,2024-02-12,154,7,4,103,0.0,2,Cash
1157,2024-03-05,290,8,2,152,0.05,1,Online
1158,2024-03-01,149,8,2,232,0.1,3,Cash
1159,2024-01-30,280,4,4,101,0.0,1,Online
1160,2024-02-24,208,8,4,463,0.05,1,Cash
1161,2024-06-14,238,1,2,213,0.1,1,Online
1162,2024-01-29,165,1,3,182,0.05,2,Cash
1163,2024-01-29,138,3,3,61,0.1,1,Card
1164,2024-03-21,158,8,2,125,0.0,3,Online
1165,2024-01-22,290,1,4,110,0.0,1,Card
1166,2024-04-09,168,4,4,72,0.05,1,Card
1167,2024-04-15,299,7,4,169,0.0,1,Cash
1168,2024-01-07,272,1,3,67,0.0,3,Card
1169,2024-06-13,125,1,3,230,0.0,2,Cash
1170,2024-05-04,161,2,2,347,0.0,2,Online
1171,2024-04-16,202,8,4,207,0.0,1,Card
1172,2024-03-28,194,1,1,480,0.0,2,Online
1173,2024-05-04,42,5,1,47,0.05,1,Online
1174,2024-04-14,41,7,3,460,0.0,3,Online
1175,2024-04-14,162,9,4,300,0.05,1,Card
1176,2024-03-10,293,2,1,326,0.1,1,Cash
1177,2024-06-12,245,8,1,461,0.0,2,Card
1178,2024-02-20,104,6,4,215,0.0,2,Card
1179,2024-01-10,106,7,1,146,0.0,2,Card
1180,2024-01-15,188,4,3,296,0.0,2,Online
1181,2024-04-19,33,2,1,53,0.1,3,Card
1182,2024-03-05,1,5,2,201,0.1,3,Card
1183,2024-04-18,107,1,4,242,0.05,1,Cash
1184,2024-01-28,298,3,1,417,0.05,1,Online
1185,2024-01-10,8,5,4,306,0.0,1,Online
1186,2024-01-30,20,9,2,216,0.0,2,Card
1187,2024-02-23,281,3,1,151,0.1,1,Cash
1188,2024-02-03,43,6,3,479,0.0,2,Cash
1189,2024-02-01,106,1,2,369,0.0,1,Cash
1190,2024-06-20,8,5,1,34,0.0,2,Online
1191,2024-05-18,117,4,3,185,0.05,1,Cash
1192,2024-04-07,154,9,1,197,0.0,2,Online
1193,2024-03-08,196,7,3,61,0.05,1,Online
1194,2024-03-10,153,8,1,198,0.0,3,Online
1195,2024-03-29,19,9,2,75,0.0,3,Online
1196,2024-05-23,73,3,1,236,0.0,1,Card
1197,2024-02-28,297,2,3,104,0.1,2,Cash
1198,2024-06-13,105,1,4,397,0.1,1,Cash
1199,2024-05-05,138,6,3,151,0.05,1,Card
1200,2024-03-15,253,9,4,182,0.0,3,Card
1201,2024-01-14,31,8,2,39,0.05,2,Cash
1202,2024-01-25,253,3,4,229,0.0,3,Online
1203,2024-03-26,228,1,3,255,0.05,2,Online
1204,2024-05-28,165,4,1,209,0.0,3,Card
1205,2024-06-28,136,4,3,129,0.05,3,Cash
1206,2024-02-17,240,5,3,113,0.1,3,Card
1207,2024-03-16,77,6,1,92,0.1,2,Card
1208,2024-01-19,88,3,3,495,0.0,1,Card
1209,2024-03-06,266,6,1,461,0.1,1,Cash
1210,2024-05-04,84,1,1,244,0.0,1,Cash
1211,2024-02-16,112,2,2,160,0.0,1,Online
1212,2024-05-04,268,4,4,263,0.05,2,Online
1213,2024-02-18,246,1,1,196,0.05,2,Online
1214,2024-04-01,279,1,4,34,0.0,1,Cash
1215,2024-02-15,64,6,3,218,0.05,2,Card
1216,2024-06-05,223,9,2,447,0.05,2,Card
1217,2024-01-20,33,8,3,85,0.0,1,Cash
1218,2024-03-27,133,7,1,373,0.0,1,Card
1219,2024-06-24,116,1,4,291,0.0,2,Online
1220,2024-02-05,210,9,2,329,0.0,2,Online
1221,2024-04-20,219,9,2,68,0.05,3,Online
1222,2024-03-23,57,8,1,152,0.05,1,Online
1223,2024-04-28,76,4,3,130,0.0,1,Online
1224,2024-06-15,130,7,1,141,0.0,3,Online
1225,2024-01-13,52,1,1,419,0.0,2,Card
1226,2024-05-16,141,8,2,210,0.05,3,Card
1227,2024-04-19,196,1,3,446,0.1,3,Card
1228,2024-04-18,140,2,2,375,0.1,2,Card
1229,2024-01-12,281,9,3,359,0.0,2,Cash
1230,2024-04-25,177,1,2,108,0.05,1,Card
1231,2024-05-12,105,3,3,347,0.0,3,Online
1232,2024-06-26,144,1,1,137,0.0,2,Cash
1233,2024-03-29,207,8,2,276,0.0,3,Online
1234,2024-06-10,283,3,3,358,0.1,3,Card
1235,2024-03-08,93,1,4,495,0.05,3,Card
1236,2024-04-12,215,4,1,365,0.0,3,Card
1237,2024-05-26,152,8,4,213,0.1,3,Online
1238,2024-02-10,73,4,2,34,0.0,1,Card
1239,2024-03-03,229,2,3,447,0.0,3,Cash
1240,2024-04-13,204,5,3,260,0.0,2,Online
1241,2024-03-19,31,7,2,73,0.1,2,Card
1242,2024-02-08,156,5,2,29,0.1,3,Online
1243,2024-02-21,101,8,2,318,0.05,3,Card
1244,2024-04-01,279,8,3,381,0.0,2,Online
1245,2024-06-09,16,6,2,237,0.0,1,Card
1246,2024-03-11,242,8,2,382,0.0,2,Cash
1247,2024-03-26,234,9,3,426,0.1,1,Card
1248,2024-01-13,186,3,3,346,0.0,3,Card
1249,2024-06-28,290,9,1,339,0.05,3,Online
1250,2024-04-18,288,4,4,115,0.0,3,Card
1251,2024-04-27,192,3,4,242,0.0,3,Cash
1252,2024-03-13,26,2,3,409,0.1,1,Online
1253,2024-05-02,184,6,3,92,0.1,2,Cash
1254,2024-02-12,76,3,4,272,0.0,3,Card
1255,2024-01-24,26,8,3,141,0.05,2,Cash
1256,2024-02-13,61,4,1,292,0.1,2,Card
1257,2024-01-02,89,1,3,342,0.05,2,Cash
1258,2024-03-29,146,6,4,118,0.05,1,Card
1259,2024-02-10,165,3,4,378,0.05,3,Cash
1260,2024-06-23,138,6,2,358,0.1,2,Card
1261,2024-01-05,223,7,1,358,0.0,3,Online
1262,2024-01-23,48,8,4,269,0.05,2,Cash
1263,2024-03-09,273,4,1,375,0.05,3,Online
1264,2024-04-19,13,6,3,268,0.05,1,Card
1265,2024-02-15,274,1,2,279,0.0,1,Online
1266,2024-01-31,156,9,4,29,0.0,3,Cash
1267,2024-05-22,2,8,3,289,0.0,2,Online
1268,2024-06-03,165,6,4,133,0.1,2,Online
1269,2024-01-26,65,8,3,466,0.05,1,Card
1270,2024-04-19,74,1,1,254,0.0,3,Cash
1271,2024-01-09,139,6,4,40,0.0,1,Cash
1272,2024-02-25,287,6,2,224,0.0,1,Online
1273,2024-05-07,292,2,3,389,0.1,3,Cash
1274,2024-03-21,60,1,4,221,0.0,1,Online
1275,2024-06-02,59,1,1,57,0.0,1,Online
1276,2024-06-25,48,8,1,177,0.0,1,Online
1277,2024-03-09,216,6,4,84,0.1,1,Card
1278,2024-05-10,49,3,1,276,0.1,3,Card
1279,2024-05-24,61,1,2,21,0.0,1,Cash
1280,2024-02-19,178,5,3,62,0.0,2,Cash
1281,2024-05-18,247,4,3,436,0.1,2,Card
1282,2024-04-03,226,1,4,393,0.1,1,Cash
1283,2024-03-29,61,3,4,420,0.0,3,Cash
1284,2024-01-31,219,9,2,80,0.0,3,Card
1285,2024-02-15,80,7,3,200,0.0,3,Online
1286,2024-04-21,292,6,1,178,0.05,2,Online
1287,2024-03-15,227,9,3,36,0.0,2,Cash
1288,2024-04-24,283,5,1,62,0.1,2,Card
1289,2024-03-20,228,3,3,151,0.1,2,Card
1290,2024-04-28,58,8,1,173,0.0,1,Online
1291,2024-06-16,166,5,1,341,0.0,1,Card
1292,2024-05-23,2,8,1,478,0.0,3,Cash
1293,2024-03-21,195,4,2,224,0.0,1,Online
1294,2024-02-23,104,6,3,412,0.05,2,Card
1295,2024-01-31,289,1,3,277,0.0,2,Online
1296,2024-06-24,126,5,4,306,0.0,3,Online
1297,2024-05-13,107,1,1,142,0.0,1,Cash
1298,2024-01-23,54,6,1,114,0.1,2,Card
1299,2024-01-03,216,7,3,78,0.1,1,Card
1300,2024-02-24,45,1,3,109,0.1,1,Online
1301,2024-06-19,67,1,1,71,0.0,2,Online
1302,2024-01-28,116,3,1,87,0.0,1,Online
1303,2024-03-14,175,8,1,127,0.05,3,Cash
1304,2024-02-28,1,3,1,310,0.1,3,Card
1305,2024-06-09,100,4,3,304,0.0,1,Cash
1306,2024-05-29,176,3,2,238,0.0,3,Card
1307,2024-01-21,229,5,1,170,0.1,2,Card
1308,2024-03-28,267,9,2,246,0.0,1,Online
1309,2024-03-01,147,1,3,335,0.05,2,Cash
1310,2024-05-21,44,1,1,460,0.05,1,Cash
1311,2024-02-20,161,5,1,415,0.05,2,Online
1312,2024-04-21,46,1,4,50,0.0,1,Cash
1313,2024-03-17,187,2,4,93,0.0,2,Card
1314,2024-04-18,225,2,4,486,0.05,1,Card
1315,2024-03-11,191,6,4,86,0.0,1,Card
1316,2024-05-25,96,8,3,305,0.1,1,Online
1317,2024-05-04,132,2,1,472,0.0,1,Card
1318,2024-05-01,282,1,1,216,0.0,3,Cash
1319,2024-02-02,200,4,4,493,0.0,1,Card
1320,2024-03-27,82,4,3,267,0.05,2,Card
1321,2024-04-24,218,9,2,348,0.05,2,Online
1322,2024-03-18,226,1,4,491,0.0,2,Card
1323,2024-04-21,127,5,1,405,0.05,3,Card
1324,2024-06-09,85,7,3,425,0.05,2,Card
1325,2024-01-02,275,4,1,300,0.0,2,Card
1326,2024-01-17,89,6,2,240,0.0,2,Online
1327,2024-06-02,228,8,3,326,0.0,1,Online
1328,2024-06-03,173,4,1,140,0.0,2,Cash
1329,2024-04-08,37,7,4,491,0.0,1,Online
1330,2024-01-11,32,9,3,400,0.1,2,Cash
1331,2024-01-14,33,4,2,38,0.1,3,Card
1332,2024-06-28,97,3,3,355,0.05,1,Cash
1333,2024-01-27,273,9,1,28,0.0,1,Cash
1334,2024-01-01,204,6,1,142,0.0,1,Online
1335,2024-01-18,177,2,1,462,0.1,1,Online
1336,2024-05-10,25,5,2,464,0.1,3,Online
1337,2024-04-04,33,2,2,197,0.0,1,Card
1338,2024-03-20,38,9,3,291,0.05,3,Cash
1339,2024-04-21,160,6,3,456,0.05,2,Online
1340,2024-05-23,76,1,4,327,0.0,1,Online
1341,2024-01-05,268,9,1,288,0.1,3,Online
1342,2024-02-19,210,2,1,396,0.0,1,Online
1343,2024-01-17,56,2,3,119,0.0,2,Online
1344,2024-01-23,94,2,1,161,0.05,1,Card
1345,2024-05-17,272,9,3,430,0.0,2,Online
1346,2024-03-26,256,1,4,248,0.0,3,Cash
1347,2024-06-28,258,8,4,68,0.0,2,Card
1348,2024-03-17,136,1,3,361,0.05,1,Card
1349,2024-02-10,254,7,1,114,0.0,3,Online
1350,2024-01-30,73,6,1,88,0.0,1,Online
1351,2024-01-10,293,8,4,232,0.0,3,Cash
1352,2024-01-10,157,5,4,439,0.0,1,Card
1353,2024-06-11,15,8,3,150,0.05,3,Card
1354,2024-03-15,296,1,2,378,0.0,1,Cash
1355,2024-05-26,259,4,4,396,0.05,3,Online
1356,2024-04-24,90,4,1,444,0.05,1,Card
1357,2024-03-18,91,7,1,24,0.0,2,Online
1358,2024-02-23,211,9,4,358,0.05,1,Card
1359,2024-02-23,112,5,2,335,0.0,3,Online
1360,2024-04-18,189,3,2,237,0.0,2,Online
1361,2024-01-22,40,6,1,315,0.1,3,Online
1362,2024-04-16,188,8,1,202,0.05,2,Online
1363,2024-05-09,95,6,4,156,0.0,1,Card
1364,2024-01-28,72,8,2,78,0.05,1,Cash
1365,2024-02-01,281,4,3,139,0.05,1,Cash
1366,2024-03-16,137,4,2,468,0.1,1,Online
1367,2024-06-18,174,6,4,313,0.0,1,Card
1368,2024-04-25,80,8,2,89,0.0,1,Online
1369,2024-02-26,199,1,3,207,0.0,2,Cash
1370,2024-02-16,87,6,3,460,0.0,1,Cash
1371,2024-01-05,250,3,1,304,0.1,3,Cash
1372,2024-06-22,163,2,3,120,0.05,2,Card
1373,2024-02-09,7,7,4,335,0.05,3,Cash
1374,2024-01-21,257,3,2,416,0.0,1,Card
1375,2024-03-31,227,6,4,253,0.05,2,Online
1376,2024-05-23,24,5,1,383,0.05,1,Cash
1377,2024-03-09,159,2,1,194,0.1,3,Online
1378,2024-04-24,225,9,2,396,0.05,3,Card
1379,2024-04-06,235,2,3,399,0.0,1,Cash
1380,2024-02-23,245,3,3,90,0.0,2,Online
1381,2024-04-30,25,4,3,336,0.1,2,Online
1382,2024-06-23,1,3,4,185,0.0,1,Cash
1383,2024-05-05,206,9,2,339,0.0,2,Online
1384,2024-02-12,111,3,2,32,0.05,2,Cash
1385,2024-06-17,298,9,3,320,0.1,3,Online
1386,2024-06-13,194,7,4,315,0.05,1,Card
1387,2024-05-01,223,8,3,126,0.05,1,Cash
1388,2024-04-23,146,4,4,307,0.1,3,Card
1389,2024-03-04,135,9,3,133,0.1,3,Card
1390,2024-04-23,4,9,2,482,0.0,2,Cash
1391,2024-01-17,216,3,2,414,0.0,3,Card
1392,2024-04-16,146,5,2,438,0.1,2,Card
1393,2024-06-11,173,6,1,430,0.05,3,Online
1394,2024-05-22,21,4,1,377,0.0,3,Cash
1395,2024-02-24,127,1,1,326,0.05,3,Card
1396,2024-04-01,235,8,4,355,0.0,2,Online
1397,2024-05-14,1,1,3,34,0.0,1,Card
1398,2024-04-02,244,6,2,362,0.0,1,Online
1399,2024-04-27,51,1,4,370,0.1,3,Card
1400,2024-04-20,168,1,2,174,0.0,2,Card
1401,2024-04-29,79,6,3,128,0.1,1,Online
1402,2024-01-29,207,8,3,146,0.0,3,Cash
1403,2024-06-25,236,7,2,124,0.0,3,Card
1404,2024-05-14,154,8,2,183,0.05,2,Online
1405,2024-04-04,171,7,2,274,0.1,1,Online
1406,2024-02-13,133,7,4,147,0.0,1,Cash
1407,2024-06-02,293,3,2,48,0.0,1,Cash
1408,2024-02-12,263,1,3,270,0.0,1,Card
1409,2024-03-17,127,5,1,316,0.0,1,Online
1410,2024-02-01,269,3,3,430,0.1,1,Cash
1411,2024-02-10,149,2,4,304,0.05,2,Card
1412,2024-06-27,196,7,2,406,0.1,1,Cash
1413,2024-04-15,139,1,4,172,0.0,2,Card
1414,2024-02-17,276,2,3,459,0.1,3,Online
1415,2024-05-20,228,3,2,97,0.1,2,Online
1416,2024-01-31,138,5,4,469,0.0,2,Cash
1417,2024-05-27,29,9,3,150,0.1,3,Cash
1418,2024-03-01,125,8,2,376,0.1,3,Cash
1419,2024-01-21,82,8,3,383,0.0,3,Cash
1420,2024-01-07,145,1,2,430,0.1,2,Cash
1421,2024-02-02,62,5,2,290,0.05,3,Online
1422,2024-03-16,249,3,3,212,0.1,1,Card
1423,2024-03-03,92,1,4,338,0.1,3,Cash
1424,2024-03-26,295,7,4,215,0.0,2,Online
1425,2024-04-14,66,7,3,40,0.0,1,Card
1426,2024-04-07,75,2,4,269,0.05,1,Cash
1427,2024-03-27,41,6,2,144,0.05,2,Cash
1428,2024-01-15,42,9,4,354,0.0,3,Online
1429,2024-04-23,292,9,1,463,0.0,3,Card
1430,2024-03-14,68,6,3,114,0.0,2,Card
1431,2024-01-06,259,4,4,391,0.0,2,Card
1432,2024-03-05,235,9,4,273,0.05,3,Online
1433,2024-03-06,245,2,2,134,0.0,2,Cash
1434,2024-02-11,110,6,4,457,0.05,3,Cash
1435,2024-05-26,112,2,3,92,0.1,3,Card
1436,2024-04-14,281,9,1,158,0.05,1,Online
1437,2024-01-02,5,5,2,412,0.1,2,Card
1438,2024-01-09,93,6,3,343,0.0,3,Cash
1439,2024-03-01,266,6,4,144,0.0,2,Card
1440,2024-05-02,187,9,1,397,0.0,3,Online
1441,2024-05-02,48,8,2,151,0.1,3,Online
1442,2024-03-10,171,5,2,53,0.1,3,Cash
1443,2024-02-10,81,7,1,114,0.0,2,Online
1444,2024-04-08,68,2,3,422,0.0,2,Online
1445,2024-05-13,129,8,3,138,0.1,1,Online
1446,2024-01-25,175,7,3,360,0.1,1,Online
1447,2024-05-17,268,1,3,112,0.0,3,Card
1448,2024-05-03,10,6,1,464,0.0,1,Cash
1449,2024-04-27,200,8,1,229,0.0,1,Card
1450,2024-01-11,35,1,4,235,0.1,2,Card
1451,2024-03-30,1,9,1,221,0.0,2,Online
1452,2024-01-07,80,5,2,147,0.1,1,Card
1453,2024-04-21,211,5,4,231,0.0,2,Card
1454,2024-01-07,35,1,2,457,0.0,2,Online
1455,2024-03-19,86,6,1,253,0.05,3,Card
1456,2024-04-02,256,5,3,140,0.0,3,Cash
1457,2024-03-26,274,3,1,465,0.1,1,Cash
1458,2024-03-06,54,5,2,203,0.1,3,Card
1459,2024-02-04,180,7,1,406,0.05,2,Cash
1460,2024-06-09,154,8,2,263,0.1,1,Online
1461,2024-04-26,56,3,1,27,0.1,3,Cash
1462,2024-04-10,233,7,3,479,0.1,2,Cash
1463,2024-01-29,202,9,2,222,0.05,2,Online
1464,2024-05-16,237,1,4,114,0.0,2,Card
1465,2024-05-23,19,7,4,284,0.05,2,Cash
1466,2024-03-01,250,5,3,158,0.0,2,Cash
1467,2024-03-09,37,3,4,111,0.1,1,Cash
1468,2024-02-14,106,9,2,197,0.0,2,Cash
1469,2024-01-01,300,6,3,24,0.1,2,Online
1470,2024-04-24,195,7,3,227,0.05,2,Online
1471,2024-02-27,146,3,2,173,0.0,2,Online
1472,2024-02-27,63,4,3,330,0.0,3,Card
1473,2024-01-09,94,5,2,299,0.1,3,Card
1474,2024-05-28,40,7,4,171,0.1,3,Cash
1475,2024-05-21,245,2,2,473,0.0,1,Online
1476,2024-01-17,57,7,4,91,0.1,2,Card
1477,2024-02-16,134,8,1,50,0.1,3,Cash
1478,2024-01-16,171,4,4,328,0.0,1,Cash
1479,2024-05-07,235,9,4,100,0.1,1,Card
1480,2024-01-24,80,6,2,78,0.0,1,Card
1481,2024-06-17,71,6,4,367,0.0,3,Card
1482,2024-01-30,185,2,1,327,0.05,3,Cash
1483,2024-05-18,283,8,2,117,0.0,3,Online
1484,2024-03-17,45,8,4,262,0.0,3,Online
1485,2024-06-07,92,6,4,196,0.0,1,Card
1486,2024-05-14,280,3,4,198,0.0,3,Online
1487,2024-06-12,168,8,1,131,0.05,3,Card
1488,2024-04-28,45,7,1,457,0.0,1,Cash
1489,2024-01-18,38,1,3,56,0.0,3,Online
1490,2024-02-29,90,4,3,234,0.05,3,Online
1491,2024-05-21,252,6,4,444,0.05,3,Cash
1492,2024-05-02,5,1,4,187,0.05,1,Online
1493,2024-01-08,32,8,2,30,0.0,2,Card
1494,2024-03-02,283,5,3,247,0.1,1,Card
1495,2024-02-13,225,8,4,300,0.0,2,Card
1496,2024-03-28,177,3,4,101,0.05,3,Card
1497,2024-01-15,185,3,1,459,0.1,1,Card
1498,2024-02-09,182,7,3,192,0.05,2,Online
1499,2024-05-06,155,3,1,497,0.0,2,Online
1500,2024-01-16,12,4,1,319,0.0,1,Online
1501,2024-01-22,29,6,1,497,0.0,1,Card
1502,2024-01-15,164,5,4,28,0.1,3,Card
1503,2024-03-16,164,4,1,481,0.0,1,Card
1504,2024-05-05,155,1,4,264,0.0,2,Card
1505,2024-01-03,95,6,1,410,0.0,2,Cash
1506,2024-01-06,273,5,1,142,0.05,2,Card
1507,2024-06-26,139,8,1,360,0.05,3,Cash
1508,2024-02-17,57,5,3,88,0.1,2,Online
1509,2024-06-27,62,7,4,34,0.0,1,Card
1510,2024-01-08,4,5,2,474,0.0,3,Card
1511,2024-05-22,245,3,4,44,0.05,1,Online
1512,2024-02-11,92,4,1,312,0.0,1,Cash
1513,2024-05-27,197,6,4,372,0.1,2,Online
1514,2024-02-07,52,7,4,26,0.1,1,Online
1515,2024-02-18,277,4,1,382,0.0,3,Online
1516,2024-02-21,181,9,1,124,0.0,3,Online
1517,2024-01-04,197,5,3,392,0.0,3,Online
1518,2024-02-10,255,2,1,239,0.1,2,Online
1519,2024-02-12,245,2,2,168,0.0,1,Card
1520,2024-03-22,83,3,4,175,0.0,1,Online
1521,2024-02-24,290,9,1,420,0.05,1,Card
1522,2024-06-04,259,6,3,194,0.05,3,Card
1523,2024-03-15,165,1,3,320,0.05,1,Card
1524,2024-01-26,181,7,2,84,0.05,2,Cash
1525,2024-05-29,105,8,4,236,0.1,1,Cash
1526,2024-03-27,129,2,4,124,0.05,2,Online
1527,2024-05-19,27,5,2,481,0.1,1,Card
1528,2024-01-03,146,4,4,126,0.1,2,Card
1529,2024-01-19,246,6,1,335,0.0,1,Card
1530,2024-02-04,107,3,2,147,0.0,3,Cash
1531,2024-04-20,90,8,3,162,0.05,1,Card
1532,2024-04-07,120,5,4,32,0.0,3,Card
1533,2024-05-28,44,3,4,269,0.1,2,Cash
1534,2024-05-11,144,2,2,181,0.0,3,Online
1535,2024-01-08,10,3,2,294,0.05,2,Card
1536,2024-02-15,28,4,3,106,0.05,3,Cash
1537,2024-01-31,74,3,3,154,0.05,1,Online
1538,2024-01-13,43,1,1,106,0.1,2,Cash
1539,2024-01-22,101,7,4,486,0.1,2,Card
1540,2024-04-06,130,6,4,189,0.1,1,Cash
1541,2024-03-16,227,1,3,474,0.1,1,Cash
1542,2024-04-17,165,6,2,121,0.0,2,Online
1543,2024-04-17,60,2,4,120,0.0,2,Card
1544,2024-02-02,44,5,3,381,0.05,1,Card
1545,2024-01-31,225,3,4,424,0.0,1,Card
1546,2024-05-18,13,8,4,171,0.1,2,Card
1547,2024-05-09,43,8,3,97,0.1,1,Card
1548,2024-01-23,254,2,3,495,0.05,1,Online
1549,2024-02-21,67,9,4,339,0.0,3,Online
1550,2024-03-18,284,6,2,191,0.0,2,Online
1551,2024-06-01,47,5,4,121,0.1,2,Online
1552,2024-05-29,257,5,1,391,0.0,1,Card
1553,2024-02-16,213,7,2,412,0.0,3,Cash
1554,2024-01-06,144,5,2,31,0.1,1,Cash
1555,2024-04-15,222,4,4,289,0.1,2,Card
1556,2024-02-16,279,5,1,48,0.05,2,Online
1557,2024-04-05,186,5,3,328,0.05,1,Cash
1558,2024-06-28,20,8,2,243,0.1,2,Online
1559,2024-04-02,221,3,2,20,0.0,2,Online
1560,2024-03-28,20,6,2,393,0.0,2,Card
1561,2024-05-03,208,7,1,315,0.0,3,Online
1562,2024-02-02,33,4,2,97,0.1,1,Online
1563,2024-06-15,24,6,4,26,0.1,2,Online
1564,2024-03-20,203,6,2,313,0.0,1,Card
1565,2024-01-27,166,2,4,454,0.1,3,Card
1566,2024-03-17,104,5,3,467,0.05,1,Card
1567,2024-04-09,125,9,4,160,0.0,2,Cash
1568,2024-01-18,254,9,1,38,0.0,1,Cash
1569,2024-01-13,183,1,1,196,0.0,1,Cash
1570,2024-06-13,19,9,2,411,0.05,2,Online
1571,2024-02-15,46,5,3,269,0.0,3,Online
1572,2024-03-27,175,2,4,400,0.0,1,Online
1573,2024-02-28,239,1,3,269,0.05,1,Cash
1574,2024-03-19,16,8,1,308,0.0,2,Cash
1575,2024-01-04,196,2,4,236,0.05,3,Online
1576,2024-04-25,9,9,4,51,0.1,2,Card
1577,2024-03-16,141,4,3,40,0.05,2,Online
1578,2024-01-30,285,8,4,398,0.0,1,Cash
1579,2024-02-24,270,6,2,69,0.0,2,Cash
1580,2024-03-01,268,1,3,356,0.0,1,Online
1581,2024-04-04,293,9,4,259,0.0,1,Cash
1582,2024-05-21,134,9,3,269,0.05,3,Cash
1583,2024-04-09,103,2,4,415,0.0,2,Online
1584,2024-06-28,40,8,2,403,0.0,1,Card
1585,2024-02-26,22,7,2,255,0.05,1,Online
1586,2024-04-04,13,4,3,105,0.0,1,Cash
1587,2024-04-07,263,6,1,362,0.1,1,Card
1588,2024-03-26,133,2,4,245,0.0,2,Online
1589,2024-05-02,201,5,2,271,0.05,1,Card
1590,2024-05-16,247,6,1,132,0.0,2,Online
1591,2024-01-15,20,1,3,452,0.1,1,Cash
1592,2024-06-04,173,9,1,154,0.1,1,Cash
1593,2024-01-12,78,3,3,306,0.1,2,Card
1594,2024-06-05,179,4,1,438,0.0,3,Online
1595,2024-04-18,273,8,4,456,0.0,1,Cash
1596,2024-03-19,61,1,4,440,0.0,1,Online
1597,2024-01-20,69,7,2,89,0.0,1,Cash
1598,2024-02-26,83,1,4,225,0.0,1,Card
1599,2024-01-06,110,3,2,430,0.0,3,Cash
1600,2024-03-27,68,4,3,422,0.05,3,Cash
1601,2024-06-14,62,7,3,76,0.0,1,Online
1602,2024-06-02,246,3,2,455,0.0,1,Card
1603,2024-02-19,246,1,4,125,0.0,2,Card
1604,2024-06-06,264,5,4,29,0.0,2,Cash
1605,2024-01-09,26,5,2,451,0.1,2,Cash
1606,2024-02-17,183,2,2,283,0.0,2,Cash
1607,2024-03-21,245,2,4,138,0.05,2,Online
1608,2024-04-08,295,5,2,65,0.05,3,Online
1609,2024-05-20,108,9,2,213,0.0,3,Cash
1610,2024-06-13,152,7,1,494,0.0,2,Online
1611,2024-04-30,141,7,3,274,0.0,2,Card
1612,2024-02-16,118,5,2,246,0.0,3,Card
1613,2024-05-25,277,6,4,147,0.1,2,Online
1614,2024-02-26,251,7,1,492,0.1,2,Cash
1615,2024-04-04,99,7,4,89,0.1,2,Online
1616,2024-05-31,65,6,2,483,0.0,1,Card
1617,2024-06-26,93,7,1,335,0.05,3,Online
1618,2024-02-17,62,3,4,340,0.05,3,Online
1619,2024-04-22,167,1,4,322,0.0,2,Card
1620,2024-03-30,248,7,3,157,0.1,1,Card
1621,2024-05-30,138,1,4,152,0.1,3,Cash
1622,2024-01-29,27,2,3,261,0.1,2,Cash
1623,2024-04-23,21,8,2,88,0.0,2,Online
1624,2024-04-14,229,2,4,114,0.0,2,Online
1625,2024-06-10,42,4,1,445,0.1,1,Card
1626,2024-06-18,47,5,4,350,0.0,1,Card
1627,2024-05-25,275,8,4,312,0.0,1,Online
1628,2024-05-02,107,8,1,61,0.0,1,Card
1629,2024-05-12,24,1,1,154,0.0,1,Online
1630,2024-02-20,136,3,1,237,0.05,1,Card
1631,2024-06-02,209,8,3,380,0.0,2,Card
1632,2024-01-13,69,9,2,139,0.05,1,Card
1633,2024-06-28,10,9,1,66,0.1,2,Cash
1634,2024-03-02,176,3,3,267,0.1,2,Card
1635,2024-02-05,112,3,2,370,0.05,1,Card
1636,2024-05-05,86,3,2,389,0.05,3,Cash
1637,2024-06-09,288,6,1,29,0.0,3,Online
1638,2024-04-18,190,3,2,187,0.0,1,Card
1639,2024-05-26,268,6,4,439,0.0,3,Card
1640,2024-01-03,84,7,1,381,0.05,3,Cash
1641,2024-05-13,276,5,4,126,0.1,2,Card
1642,2024-06-04,146,5,2,54,0.05,1,Cash
1643,2024-02-29,124,7,1,366,0.1,3,Online
1644,2024-01-30,115,4,4,432,0.05,2,Online
1645,2024-04-25,215,3,3,236,0.1,2,Online
1646,2024-05-07,211,5,4,483,0.0,1,Cash
1647,2024-03-12,69,7,2,69,0.0,3,Online
1648,2024-04-14,132,4,2,376,0.1,1,Online
1649,2024-04-02,38,5,4,345,0.1,2,Card
1650,2024-02-05,4,8,4,29,0.0,2,Online
1651,2024-05-20,174,2,4,133,0.0,1,Card
1652,2024-03-09,230,3,4,354,0.0,1,Card
1653,2024-03-12,248,5,3,168,0.05,2,Cash
1654,2024-01-17,263,4,2,415,0.0,1,Cash
1655,2024-06-01,298,4,4,414,0.0,1,Online
1656,2024-01-08,27,4,4,338,0.0,2,Online
1657,2024-01-05,82,3,2,291,0.0,3,Cash
1658,2024-04-24,263,2,1,483,0.0,2,Cash
1659,2024-02-16,112,1,4,226,0.05,3,Online
1660,2024-05-12,221,5,1,147,0.0,2,Cash
1661,2024-05-11,56,9,2,129,0.05,1,Online
1662,2024-04-09,129,9,2,195,0.05,1,Cash
1663,2024-04-13,55,1,4,70,0.1,2,Card
1664,2024-04-17,150,8,2,348,0.1,2,Card
1665,2024-01-25,294,5,2,430,0.05,3,Cash
1666,2024-02-22,106,7,3,85,0.0,2,Online
1667,2024-01-08,282,3,4,352,0.1,2,Online
1668,2024-03-03,49,3,2,256,0.1,3,Card
1669,2024-03-11,7,8,3,186,0.0,3,Card
1670,2024-04-10,87,9,2,261,0.05,3,Cash
1671,2024-06-03,4,8,3,268,0.0,3,Online
1672,2024-01-03,191,1,2,278,0.05,3,Cash
1673,2024-05-05,230,9,1,489,0.0,2,Card
1674,2024-05-14,29,3,4,388,0.0,2,Cash
1675,2024-03-11,133,8,2,153,0.0,3,Cash
1676,2024-01-13,25,5,3,51,0.0,3,Card
1677,2024-06-10,210,7,4,333,0.1,3,Card
1678,2024-04-21,293,4,1,478,0.0,2,Cash
1679,2024-01-06,191,7,4,131,0.0,2,Card
1680,2024-06-08,154,2,3,63,0.0,1,Cash
1681,2024-01-08,168,6,4,396,0.1,2,Online
1682,2024-02-29,266,9,4,463,0.0,3,Card
1683,2024-01-31,234,5,3,100,0.0,1,Cash
1684,2024-04-24,4,5,4,28,0.0,1,Card
1685,2024-03-12,230,5,3,35,0.0,3,Online
1686,2024-02-14,175,3,1,284,0.0,2,Card
1687,2024-03-27,238,7,1,323,0.05,1,Online
1688,2024-03-09,6,5,4,491,0.05,1,Online
1689,2024-02-08,118,5,2,405,0.05,1,Online
1690,2024-04-19,12,1,2,73,0.1,1,Cash
1691,2024-03-18,65,6,2,418,0.05,3,Card
1692,2024-03-17,48,2,4,306,0.05,3,Card
1693,2024-03-24,10,2,1,464,0.05,1,Cash
1694,2024-01-13,47,7,2,135,0.0,3,Cash
1695,2024-03-17,204,2,1,237,0.1,1,Card
1696,2024-02-27,254,4,1,309,0.05,1,Card
1697,2024-02-02,75,9,3,94,0.1,2,Online
1698,2024-06-12,220,2,1,323,0.05,3,Card
1699,2024-04-15,296,3,3,394,0.0,3,Card
1700,2024-06-26,286,2,3,494,0.0,1,Card
1701,2024-04-03,106,5,1,445,0.1,2,Card
1702,2024-01-08,159,5,2,98,0.1,2,Cash
1703,2024-02-02,168,1,3,255,0.0,3,Online
1704,2024-02-24,258,1,2,404,0.05,3,Cash
1705,2024-06-23,209,3,2,381,0.0,2,Cash
1706,2024-03-07,297,5,1,483,0.0,1,Cash
1707,2024-01-27,68,6,2,79,0.1,1,Cash
1708,2024-04-21,274,1,2,187,0.0,2,Card
1709,2024-05-01,149,8,3,385,0.0,3,Card
1710,2024-02-08,280,6,4,28,0.1,2,Online
1711,2024-03-19,51,4,1,444,0.0,2,Online
1712,2024-02-14,245,7,2,27,0.0,3,Online
1713,2024-04-10,62,6,1,437,0.0,2,Card
1714,2024-01-21,94,3,4,58,0.1,1,Card
1715,2024-06-11,275,6,1,406,0.1,1,Online
1716,2024-01-19,64,5,4,192,0.1,2,Online
1717,2024-03-27,67,5,2,350,0.0,3,Cash
1718,2024-06-16,178,3,1,445,0.05,1,Cash
1719,2024-01-06,194,5,2,191,0.05,3,Online
1720,2024-02-22,279,1,1,48,0.05,2,Cash
1721,2024-06-23,234,5,3,136,0.1,3,Cash
1722,2024-01-21,73,4,3,341,0.0,3,Online
1723,2024-06-18,44,1,1,235,0.0,2,Card
1724,2024-03-23,282,6,3,358,0.0,1,Cash
1725,2024-01-27,71,4,3,127,0.0,2,Online
1726,2024-05-11,276,3,3,416,0.0,2,Cash
1727,2024-06-23,90,8,2,243,0.0,1,Online
1728,2024-06-23,213,3,2,214,0.0,3,Online
1729,2024-06-09,116,4,3,276,0.1,3,Online
1730,2024-02-15,238,8,1,161,0.0,1,Cash
1731,2024-05-24,230,8,2,105,0.0,2,Card
1732,2024-03-25,36,7,2,376,0.0,1,Online
1733,2024-01-29,50,5,4,33,0.0,2,Card
1734,2024-02-26,26,6,2,271,0.1,3,Online
1735,2024-05-13,275,2,3,255,0.1,3,Online
1736,2024-05-10,126,8,1,348,0.05,2,Online
1737,2024-02-11,182,9,1,264,0.1,3,Card
1738,2024-05-01,44,3,2,407,0.0,2,Online
1739,2024-01-17,272,9,2,337,0.0,1,Card
1740,2024-05-16,140,7,1,78,0.05,1,Online
1741,2024-01-08,183,6,2,350,0.05,1,Online
1742,2024-04-22,107,2,3,91,0.0,1,Card
1743,2024-03-11,210,8,3,139,0.05,2,Online
1744,2024-05-02,209,5,4,264,0.1,1,Cash
1745,2024-04-01,50,4,4,128,0.0,1,Card
1746,2024-01-01,273,9,3,475,0.1,1,Card
1747,2024-02-14,265,4,4,341,0.1,2,Card
1748,2024-03-03,164,1,4,268,0.0,2,Card
1749,2024-04-23,217,4,2,171,0.1,1,Cash
1750,2024-05-20,196,2,3,154,0.0,3,Card
1751,2024-03-12,224,5,4,161,0.0,3,Online
1752,2024-03-30,260,4,4,172,0.05,3,Card
1753,2024-01-16,157,4,2,488,0.0,3,Cash
1754,2024-01-16,240,2,2,191,0.0,3,Online
1755,2024-04-15,278,5,4,212,0.0,2,Card
1756,2024-03-26,32,3,1,419,0.05,3,Cash
1757,2024-03-03,76,1,2,455,0.0,1,Card
1758,2024-03-11,154,5,1,147,0.05,3,Cash
1759,2024-05-28,130,8,3,98,0.0,3,Card
1760,2024-04-10,262,4,3,473,0.0,2,Cash
1761,2024-02-06,8,7,3,56,0.0,1,Card
1762,2024-01-18,83,6,4,126,0.1,2,Cash
1763,2024-01-25,220,1,4,480,0.05,2,Cash
1764,2024-04-11,127,6,1,123,0.0,1,Online
1765,2024-01-31,63,7,4,160,0.0,1,Cash
1766,2024-01-28,80,4,4,293,0.05,1,Cash
1767,2024-01-28,77,4,1,412,0.0,1,Online
1768,2024-05-01,185,6,2,326,0.1,3,Cash
1769,2024-05-23,84,8,1,329,0.1,3,Card
1770,2024-06-06,249,2,4,185,0.1,2,Cash
1771,2024-01-15,160,5,4,292,0.1,1,Card
1772,2024-03-31,227,2,1,460,0.0,3,Card
1773,2024-06-12,108,1,1,67,0.05,1,Online
1774,2024-01-30,45,7,4,229,0.05,1,Cash
1775,2024-02-01,280,4,1,415,0.0,1,Online
1776,2024-02-03,284,2,4,72,0.1,2,Card
1777,2024-06-27,47,4,3,113,0.0,2,Online
1778,2024-05-30,297,4,2,221,0.0,3,Card
1779,2024-05-13,66,8,2,452,0.05,2,Card
1780,2024-03-01,114,2,1,389,0.05,3,Online
1781,2024-05-27,35,2,1,184,0.05,1,Cash
1782,2024-01-19,280,4,3,402,0.05,3,Cash
1783,2024-04-27,176,3,3,420,0.05,3,Cash
1784,2024-06-22,103,9,3,275,0.1,3,Cash
1785,2024-01-29,273,1,1,61,0.05,2,Card
1786,2024-04-13,295,7,2,332,0.0,2,Card
1787,2024-05-02,83,9,4,33,0.05,2,Card
1788,2024-02-17,57,6,3,63,0.1,1,Cash
1789,2024-01-31,120,6,3,437,0.05,2,Card
1790,2024-05-17,136,7,1,129,0.0,3,Cash
1791,2024-05-20,87,6,3,419,0.0,1,Card
1792,2024-01-02,109,1,1,430,0.1,2,Online
1793,2024-01-30,237,8,3,88,0.0,2,Card
1794,2024-03-07,174,8,1,127,0.0,3,Online
1795,2024-06-11,39,3,2,219,0.0,1,Card
1796,2024-02-24,229,4,4,198,0.0,2,Cash
1797,2024-02-23,146,7,1,145,0.1,1,Cash
1798,2024-06-21,141,6,4,238,0.05,1,Cash
1799,2024-05-26,165,6,3,322,0.05,2,Cash
1800,2024-06-10,283,7,4,361,0.05,3,Online
1801,2024-03-20,24,6,1,277,0.0,2,Cash
1802,2024-01-20,208,8,2,100,0.0,3,Card
1803,2024-04-06,191,1,3,385,0.1,1,Card
1804,2024-04-25,23,2,4,356,0.0,1,Online
1805,2024-05-27,23,9,1,209,0.0,3,Online
1806,2024-03-21,147,7,2,308,0.0,3,Online
1807,2024-02-08,241,2,1,97,0.0,2,Online
1808,2024-01-27,2,1,4,296,0.1,3,Cash
1809,2024-01-13,184,2,4,382,0.05,2,Cash
1810,2024-03-11,210,8,1,47,0.1,1,Online
1811,2024-01-04,84,8,4,60,0.1,3,Online
1812,2024-05-15,183,5,2,352,0.0,1,Card
1813,2024-06-26,27,8,4,97,0.1,1,Card
1814,2024-02-22,294,4,2,314,0.05,1,Cash
1815,2024-04-08,140,3,4,54,0.0,2,Online
1816,2024-02-21,79,1,4,402,0.0,2,Cash
1817,2024-04-03,207,3,1,469,0.1,1,Online
1818,2024-03-15,104,6,2,474,0.0,2,Online
1819,2024-04-17,273,7,4,58,0.0,2,Online
1820,2024-02-16,36,9,4,310,0.05,1,Card
1821,2024-03-05,228,2,2,424,0.1,1,Online
1822,2024-03-25,155,3,4,200,0.0,3,Online
1823,2024-04-08,104,4,2,454,0.05,3,Cash
1824,2024-06-17,72,7,4,472,0.1,3,Card
1825,2024-02-18,72,7,1,455,0.05,2,Cash
1826,2024-06-05,294,5,1,81,0.05,1,Card
1827,2024-04-15,131,5,2,98,0.05,1,Card
1828,2024-01-29,2,9,4,361,0.0,1,Online
1829,2024-01-20,180,5,2,340,0.1,1,Online
1830,2024-05-13,83,2,3,142,0.05,1,Card
1831,2024-04-15,300,4,3,410,0.1,3,Cash
1832,2024-06-13,155,9,1,178,0.0,2,Cash
1833,2024-02-13,9,2,1,299,0.0,3,Cash
1834,2024-03-21,13,7,2,257,0.05,1,Card
1835,2024-05-27,236,5,1,158,0.0,1,Cash
1836,2024-04-03,220,3,2,415,0.0,1,Cash
1837,2024-01-28,282,4,1,380,0.05,1,Cash
1838,2024-04-01,240,7,1,20,0.0,1,Cash
1839,2024-06-09,217,8,4,428,0.0,1,Cash
1840,2024-02-23,87,6,3,263,0.0,3,Card
1841,2024-02-22,99,7,3,287,0.0,1,Cash
1842,2024-05-18,280,3,2,282,0.05,2,Cash
1843,2024-03-18,297,2,2,341,0.0,3,Online
1844,2024-05-19,82,9,3,32,0.0,1,Card
1845,2024-02-09,280,2,4,68,0.0,1,Online
1846,2024-02-23,49,1,1,42,0.0,2,Cash
1847,2024-03-30,193,9,4,378,0.0,3,Card
1848,2024-05-01,141,8,2,497,0.1,2,Cash
1849,2024-04-20,281,2,3,130,0.1,2,Cash
1850,2024-06-06,286,6,4,103,0.05,2,Cash
1851,2024-06-12,98,8,1,113,0.0,2,Cash
1852,2024-03-06,68,1,4,289,0.05,3,Online
1853,2024-01-25,131,5,2,187,0.0,2,Cash
1854,2024-06-14,263,8,2,315,0.0,3,Online
1855,2024-03-18,38,9,3,180,0.0,2,Cash
1856,2024-04-01,255,1,4,143,0.0,2,Card
1857,2024-05-10,299,3,3,290,0.1,2,Cash
1858,2024-04-24,258,1,1,407,0.0,3,Cash
1859,2024-06-19,21,3,4,233,0.0,2,Card
1860,2024-06-20,247,5,1,232,0.1,3,Card
1861,2024-03-12,226,3,1,421,0.0,1,Card
1862,2024-02-07,44,9,4,171,0.1,3,Online
1863,2024-04-04,210,7,1,437,0.05,2,Online
1864,2024-06-17,175,7,2,59,0.05,1,Card
1865,2024-01-24,228,4,1,263,0.1,1,Cash
1866,2024-06-12,91,6,4,173,0.05,3,Online
1867,2024-04-03,254,6,2,438,0.1,1,Online
1868,2024-01-04,5,4,3,378,0.0,3,Card
1869,2024-01-11,157,2,4,172,0.0,2,Cash
1870,2024-06-15,26,4,4,427,0.05,3,Card
1871,2024-02-28,96,6,4,141,0.0,2,Cash
1872,2024-04-29,25,6,3,474,0.05,2,Online
1873,2024-03-29,266,2,3,128,0.05,2,Card
1874,2024-06-17,137,5,2,432,0.0,2,Card
1875,2024-06-16,54,3,1,347,0.05,3,Online
1876,2024-03-11,19,2,4,180,0.1,2,Cash
1877,2024-03-23,81,6,2,194,0.0,3,Online
1878,2024-06-27,7,7,4,268,0.05,3,Card
1879,2024-04-29,186,8,2,388,0.05,2,Cash
1880,2024-02-11,51,4,1,173,0.0,1,Card
1881,2024-03-19,256,2,3,273,0.05,1,Cash
1882,2024-04-22,243,6,4,298,0.05,1,Card
1883,2024-03-13,216,5,3,386,0.1,1,Cash
1884,2024-03-03,184,7,3,392,0.1,1,Cash
1885,2024-03-13,167,1,1,82,0.0,1,Card
1886,2024-06-04,173,8,4,28,0.1,3,Cash
1887,2024-03-25,30,2,3,57,0.1,3,Online
1888,2024-01-30,213,6,2,31,0.05,1,Cash
1889,2024-06-28,285,6,4,162,0.0,1,Card
1890,2024-04-28,166,4,1,165,0.0,1,Card
1891,2024-05-28,23,9,1,333,0.05,2,Online
1892,2024-04-19,87,7,1,330,0.05,3,Online
1893,2024-04-01,223,2,2,309,0.0,3,Online
1894,2024-06-21,41,9,2,434,0.0,1,Online
1895,2024-01-22,272,2,3,224,0.1,2,Cash
1896,2024-05-15,277,8,3,313,0.0,2,Online
1897,2024-02-17,198,4,4,239,0.0,3,Card
1898,2024-05-09,52,5,4,90,0.1,2,Card
1899,2024-05-03,231,6,1,57,0.05,3,Card
1900,2024-05-13,13,6,3,205,0.0,2,Cash
1901,2024-06-21,193,2,2,55,0.1,3,Cash
1902,2024-03-18,47,7,3,400,0.05,1,Online
1903,2024-05-16,101,5,3,38,0.05,3,Card
1904,2024-04-25,18,9,4,47,0.1,3,Cash
1905,2024-01-15,263,1,3,109,0.1,2,Cash
1906,2024-02-25,174,5,2,83,0.1,1,Cash
1907,2024-04-14,182,9,4,263,0.1,3,Online
1908,2024-01-01,200,9,1,325,0.0,2,Cash
1909,2024-03-16,147,9,2,297,0.0,2,Online
1910,2024-05-02,74,9,1,437,0.05,3,Card
1911,2024-02-21,207,8,3,199,0.1,2,Card
1912,2024-01-10,17,5,2,365,0.0,2,Cash
1913,2024-03-11,176,8,4,224,0.05,2,Card
1914,2024-03-13,27,8,2,42,0.05,1,Card
1915,2024-01-07,92,3,4,218,0.05,3,Online
1916,2024-01-25,59,7,4,154,0.0,2,Card
1917,2024-04-07,62,8,1,387,0.0,1,Card
1918,2024-02-29,258,2,2,235,0.1,3,Cash
1919,2024-02-25,268,7,4,122,0.0,2,Card
1920,2024-06-26,257,1,4,493,0.1,3,Cash
1921,2024-05-26,162,3,4,81,0.0,1,Cash
1922,2024-04-23,178,9,3,366,0.0,2,Cash
1923,2024-05-11,239,2,2,225,0.0,2,Cash
1924,2024-01-20,74,8,1,125,0.0,2,Card
1925,2024-05-06,289,4,4,430,0.1,3,Card
1926,2024-05-03,299,2,4,408,0.0,1,Card
1927,2024-05-31,139,4,3,288,0.1,3,Card
1928,2024-03-24,264,8,1,32,0.0,1,Online
1929,2024-04-12,169,5,2,319,0.1,1,Cash
1930,2024-06-05,286,5,2,221,0.0,1,Cash
1931,2024-01-17,213,5,3,72,0.0,1,Card
1932,2024-03-21,193,5,1,166,0.1,1,Cash
1933,2024-04-27,293,3,2,149,0.05,2,Cash
1934,2024-01-16,20,2,3,162,0.0,1,Online
1935,2024-06-01,298,9,1,478,0.05,3,Card
1936,2024-03-03,61,5,2,425,0.0,3,Card
1937,2024-05-01,182,7,1,125,0.0,2,Card
1938,2024-03-10,160,7,1,425,0.0,3,Cash
1939,2024-04-17,194,4,3,31,0.05,1,Online
1940,2024-06-11,278,5,2,300,0.05,2,Online
1941,2024-04-26,192,4,3,115,0.05,2,Cash
1942,2024-01-20,122,9,4,37,0.05,2,Cash
1943,2024-02-28,41,6,1,471,0.0,1,Online
1944,2024-05-22,3,5,2,146,0.0,1,Cash
1945,2024-01-09,239,7,2,35,0.0,2,Cash
1946,2024-03-12,129,1,1,34,0.1,3,Card
1947,2024-03-20,263,7,2,233,0.1,2,Cash
1948,2024-01-31,50,9,2,322,0.0,2,Card
1949,2024-06-05,203,5,3,251,0.0,1,Cash
1950,2024-01-19,278,2,4,55,0.05,1,Card
1951,2024-05-25,78,8,4,36,0.0,2,Cash
1952,2024-05-14,10,5,2,227,0.05,1,Online
1953,2024-05-21,132,3,3,128,0.1,2,Card
1954,2024-05-27,172,3,3,455,0.0,3,Card
1955,2024-06-06,98,3,2,160,0.0,2,Card
1956,2024-03-22,275,7,1,260,0.0,1,Online
1957,2024-02-11,180,4,4,98,0.0,2,Card
1958,2024-04-13,117,5,1,127,0.05,1,Online
1959,2024-05-21,188,8,3,350,0.0,1,Online
1960,2024-06-20,236,2,2,485,0.05,2,Online
1961,2024-05-21,271,2,4,69,0.1,2,Cash
1962,2024-03-17,148,1,2,50,0.1,2,Online
1963,2024-04-24,100,4,3,125,0.0,3,Online
1964,2024-05-07,32,7,4,443,0.05,2,Card
1965,2024-04-15,36,5,2,239,0.1,2,Card
1966,2024-03-15,177,2,3,106,0.0,3,Online
1967,2024-05-22,235,9,2,438,0.0,1,Online
1968,2024-02-11,228,2,3,367,0.0,2,Card
1969,2024-05-06,75,2,3,408,0.1,2,Cash
1970,2024-03-21,22,3,3,47,0.0,1,Cash
1971,2024-05-02,137,5,4,269,0.0,1,Cash
1972,2024-01-04,287,9,2,114,0.1,1,Card
1973,2024-03-31,8,9,2,280,0.05,3,Card
1974,2024-03-12,271,5,1,282,0.1,3,Online
1975,2024-04-01,127,7,2,230,0.0,3,Cash
1976,2024-04-16,148,6,3,165,0.0,2,Card
1977,2024-01-29,266,7,3,285,0.0,2,Online
1978,2024-04-22,252,3,3,151,0.1,1,Card
1979,2024-03-19,57,1,2,343,0.0,2,Online
1980,2024-03-05,295,3,3,191,0.05,1,Cash
1981,2024-03-17,220,6,4,31,0.0,2,Online
1982,2024-02-21,189,8,2,206,0.0,1,Cash
1983,2024-04-17,165,1,3,60,0.0,2,Online
1984,2024-01-18,173,1,4,283,0.0,1,Cash
1985,2024-03-14,164,1,4,402,0.0,3,Card
1986,2024-04-04,71,1,2,299,0.0,2,Card
1987,2024-01-15,242,2,2,290,0.0,1,Card
1988,2024-04-22,288,5,1,377,0.0,3,Cash
1989,2024-01-15,290,4,2,245,0.0,3,Card
1990,2024-06-11,207,8,3,177,0.0,1,Card
1991,2024-04-26,259,2,3,265,0.1,3,Online
1992,2024-05-14,204,3,4,260,0.0,3,Online
1993,2024-03-09,190,3,4,129,0.1,3,Cash
1994,2024-01-06,119,9,4,487,0.1,3,Cash
1995,2024-03-07,289,4,3,226,0.0,3,Card
1996,2024-01-13,152,9,4,460,0.1,1,Card
1997,2024-04-20,204,3,4,375,0.0,1,Online
1998,2024-05-13,73,1,1,382,0.0,2,Cash
1999,2024-02-03,56,3,2,84,0.0,2,Cash
2000,2024-05-27,258,8,2,25,0.05,2,Online
2001,2024-04-22,30,5,2,345,0.05,3,Card
2002,2024-01-22,287,7,2,124,0.1,1,Card
2003,2024-06-20,47,2,4,295,0.05,3,Online
2004,2024-06-05,242,4,1,414,0.05,1,Online
2005,2024-04-05,202,8,3,129,0.1,2,Cash
2006,2024-02-20,112,1,2,466,0.0,3,Online
2007,2024-02-11,244,6,4,29,0.0,1,Card
2008,2024-06-07,246,8,3,353,0.05,3,Online
2009,2024-03-26,55,9,4,177,0.0,2,Cash
2010,2024-02-17,132,5,2,127,0.05,1,Cash
2011,2024-01-05,178,8,3,247,0.0,3,Cash
2012,2024-01-05,286,1,4,431,0.0,2,Cash
2013,2024-03-31,16,6,2,88,0.05,1,Cash
2014,2024-05-30,113,1,2,456,0.1,1,Cash
2015,2024-01-03,273,2,4,401,0.05,2,Cash
2016,2024-02-24,254,8,3,281,0.1,3,Cash
2017,2024-06-08,266,1,1,170,0.05,1,Online
2018,2024-02-20,239,5,1,462,0.0,3,Online
2019,2024-01-06,67,5,2,101,0.1,1,Online
2020,2024-02-07,43,5,4,494,0.0,1,Online
2021,2024-06-14,203,9,2,65,0.0,1,Card
2022,2024-05-06,158,5,4,314,0.05,1,Card
2023,2024-03-09,30,3,4,268,0.1,1,Online
2024,2024-06-06,36,7,4,334,0.05,3,Card
2025,2024-06-24,30,7,2,120,0.0,3,Card
2026,2024-04-21,247,7,2,163,0.1,3,Card
2027,2024-06-04,7,2,1,394,0.05,2,Cash
2028,2024-04-05,294,8,3,321,0.1,2,Cash
2029,2024-02-19,207,4,3,423,0.0,2,Online
2030,2024-03-06,232,5,2,72,0.0,3,Cash
2031,2024-05-16,135,9,3,224,0.1,2,Card
2032,2024-02-01,243,4,2,151,0.0,1,Cash
2033,2024-06-22,149,7,1,155,0.1,3,Card
2034,2024-01-27,104,9,4,315,0.0,2,Online
2035,2024-02-22,81,8,1,327,0.05,2,Card
2036,2024-04-10,233,2,2,50,0.0,2,Online
2037,2024-01-17,78,6,3,78,0.05,3,Card
2038,2024-05-11,145,2,2,131,0.0,2,Cash
2039,2024-06-03,272,8,3,37,0.05,2,Online
2040,2024-01-27,195,9,4,198,0.0,1,Card
2041,2024-06-18,260,3,2,184,0.0,3,Online
2042,2024-04-12,111,8,3,494,0.05,2,Cash
2043,2024-05-11,235,6,3,253,0.0,3,Online
2044,2024-06-09,117,1,3,450,0.0,2,Cash
2045,2024-02-11,293,4,4,313,0.0,1,Cash
2046,2024-01-12,116,2,2,182,0.0,2,Cash
2047,2024-01-18,278,3,3,292,0.0,2,Card
2048,2024-06-07,287,2,1,235,0.0,3,Card
2049,2024-05-29,23,4,4,477,0.05,3,Online
2050,2024-05-27,109,8,2,150,0.05,1,Online
2051,2024-06-17,198,4,4,475,0.0,3,Card
2052,2024-03-13,297,4,2,280,0.05,2,Cash
2053,2024-01-24,78,9,2,343,0.0,1,Card
2054,2024-01-07,268,5,1,299,0.05,3,Online
2055,2024-02-15,59,4,1,29,0.0,2,Cash
2056,2024-04-06,189,4,1,138,0.1,3,Card
2057,2024-05-03,84,9,1,209,0.1,3,Card
2058,2024-03-05,246,2,2,132,0.0,2,Card
2059,2024-05-12,34,7,4,238,0.0,3,Card
2060,2024-05-10,199,9,2,363,0.1,3,Online
2061,2024-03-14,32,7,1,453,0.0,3,Card
2062,2024-05-21,68,4,1,263,0.1,2,Cash
2063,2024-04-25,167,9,1,242,0.0,1,Cash
2064,2024-03-17,10,6,3,36,0.0,3,Cash
2065,2024-06-17,205,4,4,470,0.1,1,Card
2066,2024-01-13,271,4,3,175,0.0,3,Cash
2067,2024-04-04,132,3,1,350,0.1,2,Online
2068,2024-03-24,285,5,2,241,0.0,1,Online
2069,2024-04-21,171,9,1,197,0.0,2,Card
2070,2024-03-18,278,5,3,180,0.0,1,Card
2071,2024-05-22,36,6,3,391,0.1,2,Cash
2072,2024-06-15,279,7,2,73,0.0,2,Cash
2073,2024-06-05,244,3,2,266,0.05,3,Online
2074,2024-06-13,113,4,4,304,0.05,3,Card
2075,2024-02-19,193,2,4,50,0.0,2,Cash
2076,2024-01-15,209,4,4,446,0.1,2,Card
2077,2024-01-04,108,2,2,243,0.05,3,Online
2078,2024-03-11,186,1,2,300,0.1,2,Card
2079,2024-01-06,282,1,4,152,0.05,3,Online
2080,2024-01-14,112,7,3,28,0.0,1,Online
2081,2024-04-26,72,5,1,197,0.05,1,Card
2082,2024-04-04,6,4,3,240,0.0,3,Card
2083,2024-01-15,47,5,2,278,0.0,2,Cash
2084,2024-02-08,252,3,3,218,0.0,2,Online
2085,2024-06-26,52,6,2,460,0.0,2,Online
2086,2024-03-30,167,5,4,461,0.0,3,Cash
2087,2024-05-21,63,4,3,402,0.1,3,Card
2088,2024-03-12,271,1,1,384,0.0,1,Online
2089,2024-01-30,143,6,2,317,0.0,3,Card
2090,2024-04-16,162,4,4,130,0.1,3,Card
2091,2024-01-31,259,5,1,262,0.0,3,Cash
2092,2024-06-08,86,8,4,435,0.0,3,Cash
2093,2024-06-07,87,8,2,466,0.0,1,Online
2094,2024-04-04,46,7,1,439,0.1,2,Card
2095,2024-01-16,18,8,4,431,0.1,2,Online
2096,2024-01-01,190,9,4,350,0.0,2,Card
2097,2024-02-01,118,8,2,356,0.0,3,Online
2098,2024-04-20,103,7,2,235,0.0,2,Card
2099,2024-02-26,238,2,4,133,0.05,1,Card
2100,2024-03-21,266,5,2,304,0.05,1,Online
2101,2024-05-28,251,9,4,255,0.05,2,Card
2102,2024-02-20,52,1,4,301,0.0,3,Online
2103,2024-01-01,185,1,1,289,0.0,2,Cash
2104,2024-03-21,259,2,2,265,0.05,1,Card
2105,2024-04-04,9,4,2,437,0.0,1,Card
2106,2024-05-01,172,9,3,300,0.0,1,Online
2107,2024-02-26,37,5,2,255,0.0,2,Card
2108,2024-01-31,19,4,3,378,0.0,3,Online
2109,2024-02-13,163,1,3,369,0.0,3,Cash
2110,2024-05-22,98,4,2,274,0.05,2,Online
2111,2024-04-09,227,1,1,117,0.0,2,Cash
2112,2024-04-06,55,2,4,350,0.0,2,Card
2113,2024-01-26,189,3,1,312,0.1,2,Cash
2114,2024-01-27,287,1,1,466,0.0,2,Online
2115,2024-01-18,21,3,2,487,0.05,1,Cash
2116,2024-03-17,254,3,4,432,0.0,1,Card
2117,2024-01-01,168,1,2,358,0.1,1,Cash
2118,2024-02-17,196,4,3,69,0.05,1,Card
2119,2024-03-20,146,6,1,474,0.0,3,Online
2120,2024-04-18,279,6,2,85,0.0,3,Card
2121,2024-04-12,153,3,3,70,0.1,1,Cash
2122,2024-03-21,143,2,4,174,0.05,3,Online
2123,2024-04-25,176,5,2,273,0.0,2,Cash
2124,2024-01-13,241,4,4,42,0.0,1,Card
2125,2024-05-27,176,9,4,127,0.0,1,Card
2126,2024-01-19,71,3,1,375,0.0,1,Online
2127,2024-05-04,196,1,3,125,0.0,1,Cash
2128,2024-04-02,260,6,4,490,0.0,3,Card
2129,2024-06-11,70,7,3,366,0.0,3,Cash
2130,2024-06-28,264,7,3,191,0.1,2,Card
2131,2024-06-07,100,4,4,268,0.0,2,Online
2132,2024-03-25,269,5,4,131,0.05,3,Cash
2133,2024-01-22,167,7,4,474,0.0,2,Cash
2134,2024-03-14,167,7,2,125,0.0,3,Card
2135,2024-05-20,153,8,1,65,0.0,2,Card
2136,2024-04-30,176,8,2,354,0.05,3,Online
2137,2024-04-30,128,4,3,153,0.0,3,Cash
2138,2024-01-14,70,8,1,43,0.1,1,Card
2139,2024-05-05,32,1,1,236,0.0,3,Online
2140,2024-01-30,90,4,1,117,0.0,3,Card
2141,2024-06-20,281,7,1,77,0.1,3,Card
2142,2024-03-21,209,4,1,418,0.1,2,Card
2143,2024-05-14,46,9,4,279,0.0,3,Card
2144,2024-03-05,106,2,1,359,0.1,3,Card
2145,2024-06-01,137,1,4,482,0.05,1,Card
2146,2024-01-07,26,8,3,471,0.1,3,Cash
2147,2024-06-20,234,7,1,288,0.0,3,Online
2148,2024-06-23,158,5,3,95,0.1,3,Card
2149,2024-01-18,108,5,4,81,0.0,3,Online
2150,2024-04-11,87,5,2,273,0.0,1,Cash
2151,2024-05-20,49,8,4,241,0.0,3,Online
2152,2024-06-08,7,5,4,293,0.05,2,Cash
2153,2024-04-19,282,6,1,178,0.0,3,Card
2154,2024-05-27,103,9,1,145,0.1,3,Card
2155,2024-04-26,93,3,2,447,0.1,1,Cash
2156,2024-05-12,138,4,3,87,0.0,1,Online
2157,2024-03-09,155,7,2,479,0.05,1,Online
2158,2024-06-20,108,8,4,232,0.1,1,Card
2159,2024-04-23,95,9,2,68,0.0,3,Online
2160,2024-03-09,84,5,1,383,0.0,1,Card
2161,2024-01-20,283,8,3,91,0.05,2,Card
2162,2024-01-03,7,4,1,431,0.05,3,Card
2163,2024-01-13,118,7,3,144,0.05,2,Online
2164,2024-06-01,156,6,2,49,0.0,3,Online
2165,2024-03-30,195,8,1,212,0.05,1,Card
2166,2024-03-09,95,3,3,381,0.0,1,Online
2167,2024-06-02,274,9,1,425,0.0,1,Online
2168,2024-04-16,173,2,1,275,0.05,2,Cash
2169,2024-01-16,127,5,4,466,0.0,1,Online
2170,2024-03-06,195,2,2,278,0.0,3,Card
2171,2024-06-20,15,5,2,491,0.0,3,Cash
2172,2024-01-12,67,7,4,46,0.1,2,Online
2173,2024-02-08,206,3,2,51,0.0,2,Online
2174,2024-01-03,249,5,4,356,0.1,3,Online
2175,2024-04-12,190,4,4,293,0.05,1,Cash
2176,2024-04-06,282,6,3,449,0.05,2,Cash
2177,2024-03-13,115,3,2,472,0.05,1,Cash
2178,2024-04-29,115,7,3,287,0.05,3,Card
2179,2024-04-25,88,2,3,170,0.1,1,Card
2180,2024-05-14,273,7,4,201,0.0,2,Cash
2181,2024-04-01,161,5,4,277,0.05,1,Cash
2182,2024-01-09,262,3,1,321,0.0,1,Cash
2183,2024-05-26,197,9,3,54,0.0,3,Cash
2184,2024-04-05,277,2,1,55,0.0,2,Card
2185,2024-02-20,79,2,2,155,0.0,2,Card
2186,2024-01-01,212,6,3,360,0.0,3,Online
2187,2024-04-30,178,8,2,282,0.0,3,Cash
2188,2024-04-27,75,6,2,321,0.05,1,Cash
2189,2024-03-28,99,4,1,422,0.05,2,Online
2190,2024-05-31,56,2,1,102,0.0,2,Card
2191,2024-05-02,38,1,2,85,0.1,2,Online
2192,2024-05-17,140,2,1,152,0.0,2,Card
2193,2024-03-09,250,1,1,468,0.05,1,Card
2194,2024-01-21,135,7,4,89,0.0,3,Online
2195,2024-01-28,207,2,2,302,0.1,3,Online
2196,2024-01-10,289,7,2,361,0.0,3,Cash
2197,2024-06-12,13,6,4,321,0.0,1,Card
2198,2024-04-12,56,8,2,453,0.0,1,Cash
2199,2024-05-06,55,7,3,96,0.1,1,Online
2200,2024-04-24,293,1,4,104,0.0,3,Online
2201,2024-02-02,119,4,1,48,0.05,1,Online
2202,2024-05-13,177,6,1,346,0.0,1,Card
2203,2024-03-12,165,5,4,23,0.0,1,Cash
2204,2024-04-02,5,5,3,155,0.1,1,Online
2205,2024-03-03,116,1,3,156,0.0,3,Online
2206,2024-02-20,243,8,2,461,0.05,1,Cash
2207,2024-06-23,1,9,1,69,0.0,2,Cash
2208,2024-03-22,190,8,3,364,0.0,3,Card
2209,2024-02-29,296,1,3,387,0.1,1,Cash
2210,2024-04-24,100,5,1,415,0.0,2,Card
2211,2024-03-08,294,1,1,158,0.1,2,Cash
2212,2024-03-20,281,9,3,35,0.0,1,Online
2213,2024-06-15,232,9,4,25,0.0,3,Card
2214,2024-06-06,224,1,1,122,0.0,2,Cash
2215,2024-06-20,217,1,2,385,0.1,1,Online
2216,2024-06-28,93,1,2,246,0.05,1,Cash
2217,2024-02-18,278,6,2,322,0.0,2,Cash
2218,2024-04-16,248,1,1,424,0.05,3,Card
2219,2024-04-21,51,2,3,395,0.05,3,Online
2220,2024-06-15,236,4,4,393,0.1,2,Cash
2221,2024-04-19,99,1,1,177,0.0,3,Cash
2222,2024-03-07,218,1,2,136,0.1,3,Cash
2223,2024-03-28,152,6,3,166,0.1,3,Cash
2224,2024-02-10,261,5,3,103,0.1,2,Cash
2225,2024-02-15,30,5,2,26,0.0,3,Card
2226,2024-03-14,5,7,3,42,0.0,3,Cash
2227,2024-05-28,2,6,1,283,0.05,3,Cash
2228,2024-03-22,254,5,3,147,0.05,1,Online
2229,2024-03-22,182,1,1,71,0.05,3,Online
2230,2024-06-15,19,9,4,20,0.05,1,Online
2231,2024-02-28,114,8,3,468,0.0,1,Online
2232,2024-01-12,242,7,4,376,0.0,3,Card
2233,2024-02-11,199,4,3,201,0.0,2,Online
2234,2024-04-14,218,9,2,307,0.0,3,Card
2235,2024-04-06,105,9,4,271,0.05,1,Online
2236,2024-01-05,190,4,4,238,0.0,3,Cash
2237,2024-02-08,162,9,1,296,0.1,3,Cash
2238,2024-02-18,92,1,2,235,0.1,1,Card
2239,2024-02-18,74,9,2,70,0.05,3,Card
2240,2024-03-21,270,2,4,258,0.1,1,Card
2241,2024-02-28,242,2,3,138,0.0,3,Online
2242,2024-05-26,107,7,3,61,0.0,1,Online
2243,2024-05-05,63,2,3,223,0.1,1,Online
2244,2024-04-06,49,2,4,318,0.0,1,Card
2245,2024-01-05,24,6,1,368,0.0,1,Cash
2246,2024-05-05,267,8,1,234,0.0,3,Cash
2247,2024-01-10,217,4,1,167,0.0,3,Online
2248,2024-05-13,229,2,4,251,0.1,2,Online
2249,2024-01-16,297,1,1,228,0.05,3,Card
2250,2024-01-20,36,6,3,459,0.0,2,Card
2251,2024-01-20,164,1,2,115,0.05,3,Cash
2252,2024-04-02,91,5,2,257,0.05,3,Online
2253,2024-01-26,1,3,2,438,0.0,3,Online
2254,2024-03-01,285,2,1,369,0.05,1,Online
2255,2024-02-10,123,6,2,151,0.0,3,Online
2256,2024-05-25,80,2,2,250,0.0,3,Cash
2257,2024-01-26,253,5,3,85,0.05,2,Online
2258,2024-02-03,226,6,4,231,0.0,3,Cash
2259,2024-02-22,111,7,1,359,0.0,1,Online
2260,2024-04-03,166,3,2,457,0.1,2,Online
2261,2024-05-02,181,7,2,440,0.0,3,Cash
2262,2024-02-19,85,7,3,392,0.1,3,Card
2263,2024-03-18,251,5,2,336,0.05,3,Card
2264,2024-04-28,175,7,2,191,0.05,1,Card
2265,2024-06-06,228,5,1,192,0.0,1,Card
2266,2024-03-24,173,7,4,192,0.05,3,Card
2267,2024-01-06,282,5,2,399,0.1,1,Card
2268,2024-01-20,247,8,1,44,0.0,1,Card
2269,2024-01-26,54,5,3,402,0.0,1,Card
2270,2024-03-23,290,6,3,46,0.0,1,Online
2271,2024-06-04,286,6,1,340,0.05,1,Card
2272,2024-05-21,185,1,3,441,0.0,3,Online
2273,2024-02-14,269,8,1,60,0.05,3,Cash
2274,2024-05-16,255,4,1,198,0.0,2,Online
2275,2024-05-15,14,8,3,115,0.0,3,Card
2276,2024-06-27,170,2,3,432,0.1,2,Cash
2277,2024-02-17,80,7,1,26,0.1,1,Online
2278,2024-01-04,260,9,4,22,0.0,3,Card
2279,2024-05-21,278,4,1,116,0.1,3,Online
2280,2024-01-08,86,9,3,235,0.0,2,Card
2281,2024-01-21,265,4,1,443,0.0,3,Cash
2282,2024-03-13,150,1,4,265,0.05,1,Card
2283,2024-03-12,96,4,1,249,0.05,3,Card
2284,2024-01-25,221,8,2,477,0.05,3,Card
2285,2024-02-11,258,4,1,348,0.0,1,Cash
2286,2024-01-21,160,9,1,96,0.05,3,Card
2287,2024-05-25,163,3,1,327,0.05,1,Card
2288,2024-02-21,34,3,3,285,0.05,3,Cash
2289,2024-06-05,150,4,3,411,0.0,2,Card
2290,2024-04-15,120,1,3,452,0.0,3,Card
2291,2024-02-07,254,2,2,147,0.05,3,Cash
2292,2024-05-28,245,3,4,129,0.1,3,Online
2293,2024-03-08,278,6,3,153,0.05,3,Cash
2294,2024-04-24,220,6,3,399,0.1,1,Card
2295,2024-05-22,212,8,2,247,0.0,2,Online
2296,2024-03-15,106,8,3,268,0.1,1,Cash
2297,2024-02-12,50,3,2,37,0.05,3,Online
2298,2024-03-10,142,7,4,321,0.1,2,Online
2299,2024-03-21,251,3,3,240,0.0,1,Card
2300,2024-03-30,204,9,4,418,0.1,1,Card
2301,2024-04-14,31,3,1,23,0.1,1,Online
2302,2024-03-06,203,8,2,197,0.0,3,Online
2303,2024-04-14,275,2,4,490,0.0,3,Cash
2304,2024-06-03,263,6,3,104,0.05,2,Card
2305,2024-05-24,42,8,1,77,0.0,2,Online
2306,2024-03-19,95,9,2,471,0.0,3,Card
2307,2024-03-09,228,1,4,182,0.05,1,Cash
2308,2024-04-13,257,4,2,304,0.1,3,Card
2309,2024-05-03,12,4,1,88,0.0,1,Online
2310,2024-06-19,71,1,1,146,0.0,3,Online
2311,2024-02-23,246,5,1,41,0.0,2,Online
2312,2024-02-16,276,7,3,232,0.1,1,Card
2313,2024-02-20,270,3,1,418,0.0,2,Cash
2314,2024-01-06,117,6,2,384,0.0,1,Online
2315,2024-04-27,129,7,1,480,0.05,3,Cash
2316,2024-01-17,173,5,1,116,0.1,2,Cash
2317,2024-01-29,102,6,3,270,0.1,3,Cash
2318,2024-04-23,31,4,1,123,0.0,1,Card
2319,2024-04-28,261,4,1,214,0.1,1,Cash
2320,2024-01-23,145,4,3,413,0.0,1,Online
2321,2024-02-19,52,6,4,205,0.0,3,Cash
2322,2024-04-27,95,4,3,447,0.0,3,Online
2323,2024-06-27,60,1,2,293,0.05,3,Online
2324,2024-06-27,48,8,1,215,0.05,1,Card
2325,2024-06-07,274,1,1,410,0.0,3,Online
2326,2024-01-03,107,6,3,111,0.0,3,Cash
2327,2024-03-31,146,6,3,218,0.05,1,Card
2328,2024-02-09,116,8,1,45,0.05,1,Card
2329,2024-01-31,247,9,3,40,0.05,1,Card
2330,2024-02-13,299,5,1,365,0.1,1,Card
2331,2024-03-20,4,8,3,53,0.0,2,Cash
2332,2024-05-09,273,9,1,482,0.1,3,Cash
2333,2024-03-21,107,1,4,337,0.05,2,Cash
2334,2024-04-21,220,2,3,431,0.0,2,Card
2335,2024-06-28,21,5,4,22,0.05,3,Online
2336,2024-04-29,137,7,2,482,0.0,1,Card
2337,2024-03-30,200,6,4,253,0.0,1,Card
2338,2024-03-02,219,3,2,29,0.0,3,Cash
2339,2024-02-16,133,5,2,418,0.0,2,Cash
2340,2024-02-15,147,8,3,63,0.1,3,Online
2341,2024-03-29,174,7,4,43,0.0,3,Cash
2342,2024-03-26,56,5,3,339,0.1,2,Cash
2343,2024-02-16,102,9,4,400,0.0,3,Card
2344,2024-03-17,123,4,2,143,0.0,2,Cash
2345,2024-04-17,241,7,4,40,0.1,2,Online
2346,2024-05-30,102,9,4,196,0.0,3,Card
2347,2024-02-06,146,4,4,35,0.1,2,Cash
2348,2024-01-03,111,1,3,362,0.0,1,Card
2349,2024-06-21,224,6,2,496,0.0,2,Card
2350,2024-05-10,113,2,1,268,0.1,3,Online
2351,2024-05-05,271,6,2,270,0.1,3,Cash
2352,2024-06-28,163,6,1,332,0.05,2,Cash
2353,2024-01-01,34,3,3,52,0.1,2,Card
2354,2024-04-12,208,2,2,435,0.0,3,Cash
2355,2024-01-22,112,3,4,269,0.0,3,Card
2356,2024-05-22,32,5,2,195,0.1,3,Cash
2357,2024-02-10,121,3,1,255,0.0,3,Cash
2358,2024-02-06,31,2,3,423,0.1,3,Online
2359,2024-05-18,86,2,2,295,0.0,2,Cash
2360,2024-03-14,129,6,3,340,0.05,3,Card
2361,2024-05-24,112,5,1,370,0.05,2,Online
2362,2024-03-15,265,8,1,279,0.05,1,Online
2363,2024-06-14,170,5,1,290,0.0,2,Card
2364,2024-05-29,26,3,3,398,0.05,3,Online
2365,2024-06-17,282,4,3,311,0.0,1,Cash
2366,2024-03-19,134,8,1,165,0.05,1,Card
2367,2024-03-28,228,2,1,395,0.0,2,Cash
2368,2024-02-21,135,3,3,113,0.1,2,Cash
2369,2024-05-04,251,3,3,353,0.1,2,Card
2370,2024-06-25,220,4,4,329,0.0,1,Online
2371,2024-02-25,2,9,4,374,0.0,1,Card
2372,2024-04-23,194,4,3,384,0.1,2,Card
2373,2024-03-01,170,1,3,68,0.1,3,Cash
2374,2024-02-14,77,1,3,326,0.05,1,Cash
2375,2024-01-24,65,4,1,150,0.0,1,Cash
2376,2024-05-30,99,7,4,157,0.1,3,Online
2377,2024-03-19,47,1,2,374,0.0,2,Online
2378,2024-05-25,152,7,4,165,0.05,3,Card
2379,2024-03-12,162,2,2,83,0.0,1,Online
2380,2024-05-26,107,8,1,265,0.1,3,Card
2381,2024-04-21,155,4,1,153,0.05,2,Cash
2382,2024-03-27,241,8,4,269,0.0,3,Online
2383,2024-01-17,223,6,4,191,0.0,2,Cash
2384,2024-05-13,248,6,2,238,0.0,3,Card
2385,2024-01-07,51,1,4,203,0.1,1,Card
2386,2024-01-31,92,2,3,429,0.0,2,Online
2387,2024-05-31,57,8,3,160,0.05,2,Card
2388,2024-03-17,44,6,3,294,0.05,2,Cash
2389,2024-06-02,237,5,1,260,0.1,1,Cash
2390,2024-02-07,142,9,2,196,0.05,2,Online
2391,2024-03-05,281,4,4,144,0.0,3,Cash
2392,2024-02-06,209,7,1,150,0.05,1,Card
2393,2024-01-01,218,7,4,185,0.05,3,Cash
2394,2024-01-14,269,4,2,382,0.05,2,Online
2395,2024-02-17,268,6,1,412,0.0,2,Cash
2396,2024-01-06,271,1,3,199,0.0,1,Cash
2397,2024-06-04,275,1,2,261,0.0,3,Cash
2398,2024-03-24,134,5,4,421,0.05,2,Cash
2399,2024-06-18,290,8,2,49,0.0,1,Card
2400,2024-03-16,223,1,1,247,0.0,1,Card
2401,2024-05-05,17,2,3,321,0.0,1,Online
2402,2024-04-21,272,1,3,457,0.0,2,Online
2403,2024-04-05,235,2,3,411,0.1,2,Cash
2404,2024-06-26,265,8,4,34,0.1,2,Online
2405,2024-01-31,102,3,3,219,0.0,3,Online
2406,2024-05-19,286,2,3,304,0.0,1,Online
2407,2024-05-10,279,2,4,82,0.0,1,Cash
2408,2024-04-30,212,5,1,441,0.05,2,Card
2409,2024-05-20,280,3,2,155,0.1,1,Cash
2410,2024-01-03,218,9,2,261,0.05,1,Card
2411,2024-03-20,42,5,3,394,0.1,2,Card
2412,2024-03-26,113,6,1,331,0.0,2,Cash
2413,2024-03-02,213,5,2,240,0.05,1,Card
2414,2024-05-09,137,7,2,365,0.1,1,Card
2415,2024-02-11,297,9,2,387,0.1,2,Card
2416,2024-02-04,67,9,2,247,0.0,3,Cash
2417,2024-03-19,199,3,4,361,0.1,2,Card
2418,2024-03-17,112,9,1,496,0.0,2,Cash
2419,2024-03-13,230,8,1,117,0.05,1,Card
2420,2024-04-13,195,3,4,191,0.0,2,Card
2421,2024-06-06,66,5,4,375,0.0,1,Online
2422,2024-05-27,261,7,3,140,0.0,2,Online
2423,2024-04-10,28,2,4,133,0.05,2,Card
2424,2024-06-24,221,4,4,272,0.1,2,Online
2425,2024-01-08,186,9,1,293,0.0,1,Online
2426,2024-06-03,64,2,2,217,0.0,2,Cash
2427,2024-06-20,17,4,2,377,0.05,2,Online
2428,2024-02-03,87,7,4,264,0.0,2,Card
2429,2024-05-16,50,8,4,95,0.05,3,Card
2430,2024-01-15,28,4,2,31,0.05,3,Card
2431,2024-03-21,39,6,2,117,0.05,3,Card
2432,2024-06-12,97,1,4,488,0.0,1,Cash
2433,2024-05-02,169,3,1,277,0.0,1,Online
2434,2024-03-06,59,2,1,223,0.0,1,Cash
2435,2024-01-15,138,6,1,255,0.0,1,Online
2436,2024-05-29,110,1,1,155,0.0,1,Online
2437,2024-06-06,190,9,4,389,0.0,1,Online
2438,2024-01-27,198,8,2,317,0.0,3,Card
2439,2024-06-02,44,7,2,353,0.05,3,Online
2440,2024-01-18,103,6,4,352,0.05,3,Online
2441,2024-04-06,243,3,4,251,0.1,1,Cash
2442,2024-05-28,111,8,3,258,0.0,1,Cash
2443,2024-01-04,217,2,2,159,0.1,2,Online
2444,2024-06-01,103,8,1,434,0.1,1,Card
2445,2024-06-12,82,6,1,172,0.1,2,Online
2446,2024-02-17,78,3,2,91,0.05,1,Cash
2447,2024-05-26,246,3,3,82,0.0,1,Online
2448,2024-03-03,297,5,2,248,0.0,3,Card
2449,2024-05-13,82,8,4,108,0.0,1,Online
2450,2024-04-14,160,2,4,214,0.0,2,Card
2451,2024-01-27,60,6,2,437,0.0,3,Cash
2452,2024-03-31,212,5,2,55,0.05,3,Cash
2453,2024-04-07,19,9,1,242,0.05,2,Online
2454,2024-04-11,176,9,4,70,0.0,3,Online
2455,2024-03-04,19,9,2,247,0.05,1,Online
2456,2024-06-06,81,2,2,392,0.05,3,Online
2457,2024-02-19,121,6,1,233,0.05,2,Cash
2458,2024-01-30,180,5,3,276,0.0,3,Card
2459,2024-05-09,56,5,3,65,0.05,1,Cash
2460,2024-04-14,283,7,1,98,0.0,1,Card
2461,2024-04-29,202,4,3,175,0.1,1,Card
2462,2024-06-02,119,7,2,361,0.0,1,Cash
2463,2024-05-27,166,3,3,203,0.1,3,Online
2464,2024-03-27,188,8,3,94,0.1,3,Cash
2465,2024-06-28,110,2,4,377,0.1,2,Cash
2466,2024-01-20,290,9,2,21,0.0,1,Online
2467,2024-06-20,286,7,3,42,0.0,1,Card
2468,2024-03-15,132,3,4,137,0.0,1,Cash
2469,2024-04-11,83,1,1,411,0.0,3,Card
2470,2024-05-05,291,9,3,296,0.05,3,Card
2471,2024-01-12,253,1,3,334,0.0,1,Card
2472,2024-06-15,233,1,4,71,0.0,3,Cash
2473,2024-06-02,135,8,4,119,0.0,2,Cash
2474,2024-03-16,136,6,4,299,0.1,1,Online
2475,2024-06-24,196,4,2,40,0.05,1,Online
2476,2024-04-02,133,6,4,221,0.05,3,Online
2477,2024-01-02,236,3,4,309,0.1,2,Card
2478,2024-02-17,96,5,2,491,0.1,2,Card
2479,2024-04-09,29,7,1,195,0.0,3,Online
2480,2024-04-18,206,2,3,26,0.0,2,Online
2481,2024-02-22,199,7,1,376,0.1,1,Online
2482,2024-06-20,86,9,2,420,0.0,3,Cash
2483,2024-05-07,290,3,2,350,0.0,3,Cash
2484,2024-01-23,88,8,1,152,0.0,2,Online
2485,2024-04-22,47,2,1,276,0.1,3,Online
2486,2024-01-05,287,5,2,401,0.0,3,Online
2487,2024-05-18,43,6,4,216,0.1,3,Online
2488,2024-03-27,214,9,2,274,0.05,3,Cash
2489,2024-02-16,158,9,4,334,0.0,1,Online
2490,2024-05-02,146,2,2,211,0.1,2,Card
2491,2024-02-14,100,5,4,264,0.1,2,Online
2492,2024-05-05,121,8,1,419,0.0,1,Card
2493,2024-06-11,81,6,2,198,0.0,3,Online
2494,2024-06-19,279,5,3,177,0.1,1,Card
2495,2024-06-18,166,4,3,243,0.05,1,Online
2496,2024-01-01,43,2,2,117,0.1,2,Online
2497,2024-05-08,167,1,2,273,0.1,3,Card
2498,2024-03-29,248,6,1,245,0.0,3,Card
2499,2024-03-09,135,1,4,315,0.0,2,Cash
2500,2024-01-27,205,1,3,159,0.0,3,Card
